[Address | Primary | Line 1],[Address | Primary | Line 2],[Address | Primary | City],[Address | Primary | State],[Address | Primary | Zip],[Address | Primary | Country],[Address | Preferred | Line 1],[Address | Preferred | Line 2],[Address | Preferred | City],[Address | Preferred | State],[Address | Preferred | Zip],[Address | Preferred | Country],[Contact Name],[Email | Primary],[Email | Preferred],[Email | Secondary],[Name | First],[Name | Last],[Organization],[Organization Address | Line 1],[Organization Address | Line 2],[Organization Address | City],[Organization Address | State],[Organization Address | Zip],[Organization Address | Country],[Organization Email],[Organization Phone],[Phone | Primary],[Phone | Preferred],[Phone | Mobile],[Phone | Work],[Phone | Home],[Phone | Other],Address Table ID,Committees,Date Payment Made,Dues,DuesYearsPaid,EmailRemove21,FULLNAME,ID,Join Year,Matched,NonResidentFlag,NoPrintedNL2HomeAddr,Other Change Date,Payment ID,Posting Date,Sticker,Sticker Year,Street Captain,Street Name,Street Number,Tax Parcel ID,ZoningType,[Auto Renew],[Created Date],[Expiration Date],[Group],[Join Date],[Key Contact],[Last Login Date],[Last Modified Date],[Last Renewal Date],[Link To Organization ID],[Member Number],[Member Status],[Member Type],[Organization ID],[Username]
1 CONIFER CIR NE,,Atlanta,Georgia,30342,,1 CONIFER CIR NE,,Atlanta,Georgia,30342,,,,,,,,,,,,,,,,,,,,,,,,,,,,,,,,,,,,,,,,,,,,,,2/4/2023,,Prospect,,,,,,,,Active,Prospect,,
1 EMMA LN NE,,Atlanta,Georgia,30342,,1 EMMA LN NE,,Atlanta,Georgia,30342,,,,,,,,,,,,,,,,,,,,,,,,,,,,,,,,,,,,,,,,,,,,,,2/4/2023,,Prospect,,,,,,,,Active,Prospect,,
1 IVY CHASE NE,,Atlanta,Georgia,30342,,1 IVY CHASE NE,,Atlanta,Georgia,30342,,,,,,,,,,,,,,,,,,,,,,,,,,,,,,,,,,,,,,,,,,,,,,2/4/2023,,Prospect,,,,,,,,Active,Prospect,,
1 OLDE IVY SQ NE,,Atlanta,Georgia,30342,,1 OLDE IVY SQ NE,,Atlanta,Georgia,30342,,,,,,,,,,,,,,,,,,,,,,,,,,,,,,,,,,,,,,,,,,,,,,2/4/2023,,Prospect,,,,,,,,Active,Prospect,,
1 WIEUCA TRCE NE,,Atlanta,Georgia,30342,,1 WIEUCA TRCE NE,,Atlanta,Georgia,30342,,,,,,,,,,,,,,,,,,,,,,,,,,,,,,,,,,,,,,,,,,,,,,2/4/2023,,Prospect,,,,,,,,Active,Prospect,,
10 Conifer Cir,,Atlanta,Georgia,30342,,,,,,,,,rj@jmgt.com,,,,,Richard & Elise Johnson,10 Conifer Cir,,Atlanta,Georgia,30342,,rj@jmgt.com,,,,,,,,186,,4/15/2019,90,2,,Richard & Elise Johnson,1341,2002,,FALSE,,,env2,4/20/2019,1/17/2020,20/21,,Conifer Cir,10,,PD-H,,1/17/2020,7/2/2023,,,,,,7/2/2021,,100194,Lapsed,Single Family - Two Year - $90,2003542464,
10 Conifer Cir,,Atlanta,Georgia,30342,,10 Conifer Cir,,Atlanta,Georgia,30342,,Johnson,rj@jmgt.com,rj@jmgt.com,Elisega60@aol.com,Richard & Elise,Johnson,Richard & Elise Johnson,,,,,,,,,404-262-1175 x227,,,404-262-1175 x227,,,,,,,,,,,,,,,,,,,,,Conifer Cir,,,B43,,1/17/2020,7/2/2023,Single Family Contact - Two Year,,Yes,7/19/2021,,7/2/2021,2003542464,100194,Lapsed,Single Family Contact - Two Year,,rj@jmgt.com
10 Ivy Chase,,Atlanta,Georgia,30342,,,,,,,,,Bob.sinos@yahoo.com,,,,,Holly & Bob Sinos,10 Ivy Chase,,Atlanta,Georgia,30342,,Bob.sinos@yahoo.com,,,,,,,,585,,8/31/2019,,1,,Holly & Bob Sinos,1779,,,FALSE,,,HOA=0058=Glenridge Place Home Owners Association,8/31/2019,12/31/2011,12-Nov,,Ivy Chase,10,,Condo-low,,1/17/2020,10/15/2023,,,,,,10/15/2022,,100422,Lapsed,Ivy Chase,2003543074,
10 Ivy Chase,,Atlanta,Georgia,30342,,10 Ivy Chase,,Atlanta,Georgia,30342,,Sinos,Bob.sinos@yahoo.com,Bob.sinos@yahoo.com,bob.sinos@bluelinxco.com,Holly & Bob,Sinos,Holly & Bob Sinos,,,,,,,,,404-846-8879,,,,404-846-8879,,,,,,,,,,,,,,,,,,,,,,,,,1/17/2020,10/15/2023,Ivy Chase Contact,,Yes,,,10/15/2022,2003543074,500420,Lapsed,Ivy Chase Contact,,100422
10 Stratford Pl,,Atlanta,Georgia,30342,,10 Stratford Pl,,Atlanta,Georgia,30342,,Nancy McAlister,nancymcalister@gmail.com,nancymcalister@gmail.com,,Nancy,McAlister,,,,,,,,,,904-703-0367,,904-703-0367,,,,,,,,,,,,,,,,,,,,,,,,,,,7/28/2024,,Prospect,,,,,,,,Active,Prospect,,
10 Stratford Pl,,Atlanta,Georgia,30342,,10 Stratford Pl,,Atlanta,Georgia,30342,,Steve McAlister,mcsteve@aol.com,mcsteve@aol.com,,Steve,McAlister,,,,,,,,,,904-703-0406,,904-703-0406,,,,,,,,,,,,,,,,,,,,,,,,,,,7/28/2024,,Prospect,,,,,,,,Active,Prospect,,
10 Wieuca Trce,,Atlanta,Georgia,30342,,10 Wieuca Trce,,Atlanta,Georgia,30342,,Mike Dowdle Mike Dowdle,mike@dowdle.net,mike@dowdle.net,chmaine@dowdle.net,Mike,Dowdle,Mike Dowdle,,,,,,,,,,,,,,,,,,,,,,,,,,,,,,,,,,,,,,8/23/2020,,Prospect,,,,,,,,Active,Prospect,,mike@dowdle.net
100 W Paces Ferry Rd NW,,Atlanta,Georgia,30305,United States,100 W Paces Ferry Rd NW,,Atlanta,Georgia,30305,United States,Laura Hughen,laurahughen@dorseyalston.com,laurahughen@dorseyalston.com,,Laura,Hughen,"RA, Inc DBA Dorsey Alston, Realtors",,,,,,,,,,,,,,,,,,,,,,,,,,,,,,,,,,,,,,9/28/2023,10/23/2024,Sponsorship- One Year Contact,10/23/2023,,9/28/2023,11/18/2024,10/23/2023,2014483809,501685,Active,Sponsorship- One Year Contact,,laurahughen@dorseyalston.com
100 W Paces Ferry Rd NW,,Atlanta,Georgia,30305,United States,,,,,,,,tracynoble@dorseyalston.com,,,,,"RA, Inc DBA Dorsey Alston, Realtors",100 W Paces Ferry Rd NW,,Atlanta,Georgia,30305,United States,tracynoble@dorseyalston.com,,,,,,,,,,,,,,,,,,,,,,,,,,,,,,,11/18/2023,10/23/2024,,10/23/2023,,,11/18/2024,10/23/2023,,501669,Active,Sponsor - One Year- $500,2014483809,
100 W Paces Ferry Rd NW,,Atlanta,Georgia,30305,United States,100 W Paces Ferry Rd NW,,Atlanta,Georgia,30305,United States,Tracy Noble,tracynoble@dorseyalston.com,tracynoble@dorseyalston.com,,Tracy,Noble,"RA, Inc DBA Dorsey Alston, Realtors",,,,,,,,,,,,,,,,,,,,,,,,,,,,,,,,,,,,,,3/14/2024,10/23/2024,Sponsorship- One Year Contact,10/23/2023,,,11/18/2024,,2014483809,501711,Active,Sponsorship- One Year Contact,,tracynoble
101 Endicott Ridge,,Peachtree City,Georgia,30269,,101 Endicott Ridge,,Peachtree City,Georgia,30269,,Barksdale Anne Barksdale,abarksdale313@gmail.com,abarksdale313@gmail.com,,Anne,Barksdale,Anne Barksdale,,,,,,,,,678-468-2325,,678-468-2325,,,,,,,,,,,,,,,,,,,,,,,,,,,1/17/2020,4/30/2019,Prospect,,,,,,,500742,Active,Prospect,,abarksdale313@gmail.com
1035  Eulalia Rd,,Atlanta,Georgia,30319,United States,1035  Eulalia Rd,,Atlanta,Georgia,30319,United States,robert christie,k9christie@bellsouth.net,k9christie@bellsouth.net,,robert,christie,robert  christie,,,,,,,,,4042752182,,,,,,,,,,,,,,,,,,,,,,,,,,,,,2/13/2021,2/12/2022,Single Family Contact - One Year,2/12/2021,Yes,2/13/2021,,,2007306832,501299,Lapsed,Single Family Contact - One Year,,k9christie@bellsouth.net
1035 East Paces Ln,,Atlanta,Georgia,30326,,1035 East Paces Ln,,Atlanta,Georgia,30326,,Killa Angela Killa,Angelah9@comcast.net,Angelah9@comcast.net,,Angela,Killa,Angela Killa,,,,,,,,,404-272-8489,,404-272-8489,,,,,,,,,,,,,,,,,,,,,,,,,,,1/17/2020,3/19/2020,Prospect,,,,,,,500550,Active,Prospect,,Angelah9@comcast.net
1036 Lenox Crest,,Atlanta,Georgia,30324,,1036 Lenox Crest,,Atlanta,Georgia,30324,,Jeff Carrico Jeff Carrico,JeffCarrico@aol.com,JeffCarrico@aol.com,,Jeff,Carrico,Jeff Carrico,,,,,,,,,,,,,,,,,,,,,,,,,,,,,,,,,,,,,,8/23/2020,,Prospect,,,,,,,,Active,Prospect,,JeffCarrico@aol.com
104 Putnam Circle NE,,Atlanta,Georgia,30342-4116,United States,104 Putnam Circle NE,,Atlanta,Georgia,30342-4116,United States,Bradley Satterfield,bsatter1946@gmail.com,bsatter1946@gmail.com,,Bradley,Satterfield,Bradley Satterfield,,,,,,,,,4045836962,,,,,,,,,,,,,,,,,,,,,,,,,,,,,3/23/2020,3/22/2023,Single Family Contact - One Year,3/23/2020,Yes,1/23/2021,,3/22/2022,2004002574,501030,Lapsed,Single Family Contact - One Year,,bsatter1946@gmail.com
104 Putnam Circle NE,,Atlanta,Georgia,30342-4116,United States,,,,,,,,bsatter1946@gmail.com,,,,,Bradley Satterfield,104 Putnam Circle NE,,Atlanta,Georgia,30342-4116,United States,bsatter1946@gmail.com,,,,,,,,,,,,,,,282,,,,,,,,,,,,,,,,3/23/2020,3/22/2023,,3/23/2020,,,,3/22/2022,,501029,Lapsed,Single Family - One Year - $50,2004002574,
1043 Eulalia Rd,,Atlanta,Georgia,31119,,1043 Eulalia Rd,,Atlanta,Georgia,31119,,Spencer Tunnell Spencer Tunnell,spencertunnell@earthlink.net,spencertunnell@earthlink.net,,Spencer,Tunnell,Spencer Tunnell,,,,,,,,,,,,,,,,,,,,,,,,,,,,,,,,,,,,,,8/23/2020,,Prospect,,,,,,,,Active,Prospect,,spencertunnell@earthlink.net
1064 Ollie Cir,,Atlanta,Georgia,30314,,1064 Ollie Cir,,Atlanta,Georgia,30314,,Kathryn Body Wise Health & Fitness Ad Kathryn Body Wise Health & Fitness Ad,bodywisekathryn@yahoo.com,bodywisekathryn@yahoo.com,,Kathryn,Body Wise Health & Fitness Ad,Kathryn Yancey,,,,,,,,,404-396-3624,,404-396-3624,,,,,,,,,,,,,,,,,,,,,,,,,,,8/23/2020,,Prospect,,,,,,,,Active,Prospect,,bodywisekathryn@yahoo.com
1070 Judith Way,,Atlanta,Georgia,30342,,1070 Judith Way,,Atlanta,Georgia,30342,,Jean Cooper Jean Cooper,jeankcooper@gmail.com,jeankcooper@gmail.com,,Jean,Cooper,"Jean K, Cooper",,,,,,,,,,,,,,,,,,,,,,,,,,,,,,,,,,,,,,8/23/2020,,Prospect,,,,,,,,Active,Prospect,,jeankcooper@gmail.com
11 Conifer Circle NE,,Atlanta,Georgia,30342,United States,11 Conifer Circle NE,,Atlanta,Georgia,30342,United States,Michael Thomas,mjthomas@mindspring.com,mjthomas@mindspring.com,,Michael,Thomas,Mike & Kathy Thomas,,,,,,,,,4045693375,,,,,,,,,,,,,,,,,,,,,,,,,,,,,7/19/2021,7/18/2022,Single Family Contact - One Year,7/19/2021,Yes,10/15/2021,,,2008623502,501393,Lapsed,Single Family Contact - One Year,,mjthomas@mindspring.com
11 Conifer Circle NE,,Atlanta,Georgia,30342,United States,,,,,,,,mjthomas@mindspring.com,,,,,Mike & Kathy Thomas,11 Conifer Circle NE,,Atlanta,Georgia,30342,United States,mjthomas@mindspring.com,,,,,,,,,,,,,,,,,,,,,,,,,,,,,,,7/19/2021,7/18/2022,,7/19/2021,,,,,,501392,Lapsed,Single Family - One Year - $50,2008623502,
11 Conifer Circle NE,,Atlanta,Georgia,30342,United States,11 Conifer Circle NE,,Atlanta,Georgia,30342,United States,Kathy Thomas,krennolds@comcast.net,krennolds@comcast.net,,Kathy,Thomas,Mike & Kathy Thomas,,,,,,,,,,,,,,,,,,,,,,,,,,,,,,,,,,,,,,7/19/2021,7/18/2022,Single Family Contact - One Year,7/19/2021,,,,,2008623502,501394,Lapsed,Single Family Contact - One Year,,
11 Leighton Ct,,Atlanta,Georgia,30327,,11 Leighton Ct,,Atlanta,Georgia,30327,,"Suzy Smith - Keller Williams Suzy Smith, Real Estate Advisor Suzy Smith - Keller Williams Suzy Smith, Real Estate Advisor",suzysmith@kw.com,suzysmith@kw.com,ed@smith.net,Suzy Smith - Keller Williams,"Suzy Smith, Real Estate Advisor",Suzy Smith - Keller Williams,,,,,,,,,404-307-0347,,404-307-0347,,,,,,,,,,,,,,,,,,,,,,,,,,,8/23/2020,,Prospect,,,,,,,,Active,Prospect,,suzysmith@kw.com
11 Wieuca Trce,,Atlanta,Georgia,30342,,11 Wieuca Trce,,Atlanta,Georgia,30342,,Jones Terrance & Frieda Jones,thjmph@gmail.com,thjmph@gmail.com,,Terrance & Frieda,Jones,Terrance & Frieda Jones,,,,,,,,,,,,,,,,,,,,,,,,,,,,,,,,,,,,,,1/17/2020,11/4/2019,Prospect,,,,,,,500648,Active,Prospect,,thjmph@gmail.com
"1155 Norwich Circle, NE",,Atlanta,Georgia,30324,United States,"1155 Norwich Circle, NE",,Atlanta,Georgia,30324,United States,Nancy Bliwise,nancy.bliwise@emory.edu,nancy.bliwise@emory.edu,,Nancy,Bliwise,"Livable Buckhead, Inc.",,,,,,,,,404-727-4170,,,,,,,,,,,,,,,,,,,,,,,,,,,,,11/10/2020,6/23/2026,Courtesy Contact,11/6/2020,,,,6/23/2025,2006119465,501205,Active,Courtesy Contact,,nancy.bliwise@emory.edu
1195 Woods Cir,,Atlanta,Georgia,30324,,1195 Woods Cir,,Atlanta,Georgia,30324,,Lauren Rock Lauren Rock,lauren_s_rock@hotmail.com,lauren_s_rock@hotmail.com,,Lauren,Rock,Lauren Rock,,,,,,,,,,,,,,,,,,,,,,,,,,,,,,,,,,,,,,8/23/2020,,Prospect,,,,,,,,Active,Prospect,,lauren_s_rock@hotmail.com
12 Ivy Chase,,Atlanta,Georgia,30342,,,,,,,,,,,,,,Lebby Neal,12 Ivy Chase,,Atlanta,Georgia,30342,,,,,,,,,,587,,8/31/2019,,1,,Lebby Neal,793,,,FALSE,,,HOA=0058=Glenridge Place Home Owners Association,8/31/2019,12/31/2011,12-Nov,,Ivy Chase,12,,Condo-low,,1/17/2020,10/15/2023,,,,,,10/15/2022,,100410,Lapsed,Ivy Chase,2003543034,
12 Ivy Chase,,Atlanta,Georgia,30342,,12 Ivy Chase,,Atlanta,Georgia,30342,,Neal,,,,Lebby,Neal,Lebby Neal,,,,,,,,,404-266-0274,,,,404-266-0274,,,,,,,,,,,,,,,,,,,,,,,,,1/17/2020,10/15/2023,Ivy Chase Contact,,Yes,,,10/15/2022,2003543034,500408,Lapsed,Ivy Chase Contact,,100410
12 Wieuca Trce,,Atlanta,Georgia,30342,,12 Wieuca Trce,,Atlanta,Georgia,30342,,Ron Lenore Ron Lenore,nbca@qaqz.net,nbca@qaqz.net,,Ron,Lenore,Ron Lenore,,,,,,,,,,,,,,,,,,,,,,,,,,,,,,,,,,,,,,8/23/2020,,Prospect,,,,,,,,Active,Prospect,,nbca@qaqz.net
1207 Kendrick Rd,,Atlanta,Georgia,30319,,1207 Kendrick Rd,,Atlanta,Georgia,30319,,Katie Kaplan Katie Kaplan,kgkaplan@comcast.net,kgkaplan@comcast.net,,Katie,Kaplan,Katie Kaplan,,,,,,,,,,,,,,,,,,,,,,,,,,,,,,,,,,,,,,8/23/2020,,Prospect,,,,,,,,Active,Prospect,,kgkaplan@comcast.net
1216 Wieuca Overlook,,Atlanta,Georgia,30342,,,,,,,,,cindeeRiordan@gmail.com,,,,,Kevin & Cindee Riordan,1216 Wieuca Overlook,,Atlanta,Georgia,30342,,cindeeRiordan@gmail.com,,,,,,,,0,,9/16/2019,25,1,,Kevin & Cindee Riordan,3178,,F&,FALSE,,,env2,10/2/2019,11/20/2019,19/20,,Wieuca Overlook,1216,,PD-H,,1/17/2020,9/16/2020,,,,,,,,100395,Lapsed,Single Family - One Year - $50,2003542984,
1216 Wieuca Overlook,,Atlanta,Georgia,30342,,1216 Wieuca Overlook,,Atlanta,Georgia,30342,,Riordan,cindeeRiordan@gmail.com,cindeeRiordan@gmail.com,,Kevin & Cindee,Riordan,Kevin & Cindee Riordan,,,,,,,,,202-531-1800,,202-531-1800,,,,,,,,,,,,,,,,,,,,,,Wieuca Overlook,,,B06,,1/17/2020,9/16/2020,Single Family Contact - One Year,,Yes,,,,2003542984,100395,Lapsed,Single Family Contact - One Year,,100395
122 Old Ivy Rd,Unit12,Atlanta,Georgia,30342,United States,122 Old Ivy Rd,Unit12,Atlanta,Georgia,30342,United States,Wayne Grant,wgrant2@comcast.net,wgrant2@comcast.net,,Wayne,Grant,Wayne Grant,,,,,,,,,678-358-2366,,,,,,,,,,,,,,,,,,,,,,,,,,,,,4/14/2023,4/13/2024,Single Family Contact - One Year,4/14/2023,Yes,4/14/2023,,,2013095910,501606,Lapsed,Single Family Contact - One Year,,wgrant2@comcast.net
122 Old Ivy Rd,Unit12,Atlanta,Georgia,30342,United States,,,,,,,,wgrant2@comcast.net,,,,,Wayne Grant,122 Old Ivy Rd,Unit12,Atlanta,Georgia,30342,United States,wgrant2@comcast.net,,,,,,,,,,,,,,,,,,,,,,,,,,,,,,,4/14/2023,4/13/2024,,4/14/2023,,,,,,501605,Lapsed,Single Family - One Year - $50,2013095910,
122 Old Ivy Rd #13,#13,Atlanta,Georgia,30342,,122 Old Ivy Rd #13,#13,Atlanta,Georgia,30342,,Kilkelly Angelique & James Kilkelly,avanderbyl@me.com,avanderbyl@me.com,,Angelique & James,Kilkelly,Angelique & James Kilkelly,,,,,,,,,404-664-1608,,,404-664-1608,,,,,,,,,,,,,,,,,,,,,,,,,,1/17/2020,10/14/2017,Prospect,,,,,,,500943,Active,Prospect,,avanderbyl@me.com
122 OLD IVY RD NE #11,,Atlanta,Georgia,30342,,122 OLD IVY RD NE #11,,Atlanta,Georgia,30342,,,,,,,,,,,,,,,,,,,,,,,,,,,,,,,,,,,,,,,,,,,,,,2/4/2023,,Prospect,,,,,,,,Active,Prospect,,
122 OLD IVY RD NE #12,,Atlanta,Georgia,30342,,122 OLD IVY RD NE #12,,Atlanta,Georgia,30342,,,,,,,,,,,,,,,,,,,,,,,,,,,,,,,,,,,,,,,,,,,,,,2/4/2023,,Prospect,,,,,,,,Active,Prospect,,
122 OLD IVY RD NE #13,,Atlanta,Georgia,30342,,122 OLD IVY RD NE #13,,Atlanta,Georgia,30342,,,,,,,,,,,,,,,,,,,,,,,,,,,,,,,,,,,,,,,,,,,,,,2/4/2023,,Prospect,,,,,,,,Active,Prospect,,
122 OLD IVY RD NE #14,,Atlanta,Georgia,30342,,122 OLD IVY RD NE #14,,Atlanta,Georgia,30342,,,,,,,,,,,,,,,,,,,,,,,,,,,,,,,,,,,,,,,,,,,,,,2/4/2023,,Prospect,,,,,,,,Active,Prospect,,
122 OLD IVY RD NE #15,,Atlanta,Georgia,30342,,122 OLD IVY RD NE #15,,Atlanta,Georgia,30342,,,,,,,,,,,,,,,,,,,,,,,,,,,,,,,,,,,,,,,,,,,,,,2/4/2023,,Prospect,,,,,,,,Active,Prospect,,
122 OLD IVY RD NE #16,,Atlanta,Georgia,30342,,122 OLD IVY RD NE #16,,Atlanta,Georgia,30342,,,,,,,,,,,,,,,,,,,,,,,,,,,,,,,,,,,,,,,,,,,,,,2/4/2023,,Prospect,,,,,,,,Active,Prospect,,
122 OLD IVY RD NE #17,,Atlanta,Georgia,30342,,122 OLD IVY RD NE #17,,Atlanta,Georgia,30342,,,,,,,,,,,,,,,,,,,,,,,,,,,,,,,,,,,,,,,,,,,,,,2/4/2023,,Prospect,,,,,,,,Active,Prospect,,
122 OLD IVY RD NE #18,,Atlanta,Georgia,30342,,122 OLD IVY RD NE #18,,Atlanta,Georgia,30342,,,,,,,,,,,,,,,,,,,,,,,,,,,,,,,,,,,,,,,,,,,,,,2/4/2023,,Prospect,,,,,,,,Active,Prospect,,
122 OLD IVY RD NE #19,,Atlanta,Georgia,30342,,122 OLD IVY RD NE #19,,Atlanta,Georgia,30342,,,,,,,,,,,,,,,,,,,,,,,,,,,,,,,,,,,,,,,,,,,,,,2/4/2023,,Prospect,,,,,,,,Active,Prospect,,
123 Graphic Designer  Lane,,Atlanta,Georgia,30342,,,,,,,,,lorimontgomery@mindspring.com,,,,,Lori Montgomery,123 Graphic Designer  Lane,,Atlanta,Georgia,30342,,lorimontgomery@mindspring.com,404-808-3962,404-808-3962,,,,,,,,,,,,,,,,,,,,,,,,,,,,,1/29/2021,6/23/2026,,1/28/2021,,,,6/23/2025,,501281,Active,Courtesy,2007188892,
123 Graphic Designer  Lane,,Atlanta,Georgia,30342,,123 Graphic Designer  Lane,,Atlanta,Georgia,30342,,Lori Montgomery,lorimontgomery@mindspring.com,lorimontgomery@mindspring.com,,Lori,Montgomery,Lori Montgomery,,,,,,,,,404-808-3962,,,,,,,,,,,,,,,,,,,,,,,,,,,,,1/29/2021,6/23/2026,Courtesy Contact,1/28/2021,,,,6/23/2025,2007188892,501282,Active,Courtesy Contact,,lorimontgomery@mindspring.com
123 Placeholder St,,Atlanta,Georgia,30342,,,,,,,,,Jbaxterapd@gmail.com,,,,,Security Patrol,123 Placeholder St,,Atlanta,Georgia,30342,,Jbaxterapd@gmail.com,404-345-9891,404-345-9891,,,,,,,,,,,,,,,,,,,,,,,,,,,,,1/2/2026,,,,,,,,,502035,Active,Courtesy,2018509801,
123 Placeholder St,,Atlanta,Georgia,30342,,123 Placeholder St,,Atlanta,Georgia,30342,,Jeff Baxter,Jbaxterapd@gmail.com,Jbaxterapd@gmail.com,,Jeff,Baxter,Security Patrol,,,,,,,,,404-345-9891,,,,,,,,,,,,,,,,,,,,,,,,,,,,,1/2/2026,,Courtesy Contact,,,,,,2018509801,502036,Active,Courtesy Contact,,Jbaxterapd@gmail.com
1295 Roxboro Dr. NE,,Atlanta,Georgia,30324,United States,1295 Roxboro Dr. NE,,Atlanta,Georgia,30324,United States,Beth Pitzer,bpitzer@utbhome.com,bpitzer@utbhome.com,,Beth,Pitzer,Pitzer,,,,,,,,,4048405971,,,,,,,,,,,,,,,,,,,,,,,,,,,,,11/25/2025,11/24/2026,Single Family Contact - One Year,11/25/2025,Yes,11/25/2025,,,2018398697,502020,Active,Single Family Contact - One Year,,bpitzer@utbhome.com
1295 Roxboro Dr. NE,,Atlanta,Georgia,30324,United States,,,,,,,,bapitzer1@gmail.com,,,,,Pitzer,1295 Roxboro Dr. NE,,Atlanta,Georgia,30324,United States,bapitzer1@gmail.com,,,,,,,,,,,,,,,,,,,,,,,,,,,,,,,11/25/2025,11/24/2026,,11/25/2025,,,,,,502019,Active,Single Family - One Year - $50,2018398697,
13 Conifer Cir,,Atlanta,Georgia,30342,,13 Conifer Cir,,Atlanta,Georgia,30342,,Kim & Steve Carothers Kim & Steve Carothers,2parrots@bellsouth.net,2parrots@bellsouth.net,,Kim & Steve,Carothers,Kim & Steve Carothers,,,,,,,,,,,,,,,,,,,,,,,,,,,,,,,,,,,,,,8/23/2020,,Prospect,,,,,,,,Active,Prospect,,2parrots@bellsouth.net
13 Ivy Chase,,Atlanta,Georgia,30342,,,,,,,,,nancycoverdell@gmail.com,,,,,Nancy Coverdell,13 Ivy Chase,,Atlanta,Georgia,30342,,nancycoverdell@gmail.com,,,,,,,,588,,8/31/2019,,1,,Nancy Coverdell,3120,,,FALSE,,,HOA=0058=Glenridge Place Home Owners Association,8/31/2019,,,,Ivy Chase,13,,Condo-low,,1/17/2020,10/15/2023,,,,,,10/15/2022,,100444,Lapsed,Ivy Chase,2003543145,
13 Ivy Chase,,Atlanta,Georgia,30342,,13 Ivy Chase,,Atlanta,Georgia,30342,,Coverdell,nancycoverdell@gmail.com,nancycoverdell@gmail.com,,Nancy,Coverdell,Nancy Coverdell,,,,,,,,,404-276-3667,,404-276-3667,,,,,,,,,,,,,,,,,,,,,,,,,,,1/17/2020,10/15/2023,Ivy Chase Contact,,Yes,,,10/15/2022,2003543145,500442,Lapsed,Ivy Chase Contact,,100444
13 Wieuca Trce,,Atlanta,Georgia,30342,,13 Wieuca Trce,,Atlanta,Georgia,30342,,Louis Lusk Louis Lusk,louisblusk@gmail.com,louisblusk@gmail.com,,Louis,Lusk,Louis Lusk,,,,,,,,,404-550-7932,,404-550-7932,,,,,,,,,,,,,,,,,,,,,,,,,,,8/23/2020,,Prospect,,,,,,,,Active,Prospect,,louisblusk@gmail.com
1360 Peachtree St #1990,,Atlanta,Georgia,30309,,1360 Peachtree St #1990,,Atlanta,Georgia,30309,,Judy Tabb Judy Tabb,JTabb89763@aol.com,JTabb89763@aol.com,,Judy,Tabb,Judy N. Tabb,,,,,,,,,,,,,,,,,,,,,,,,,,,,,,,,,,,,,,8/23/2020,,Prospect,,,,,,,,Active,Prospect,,JTabb89763@aol.com
14 Ivy Chase,,Atlanta,Georgia,30342,,,,,,,,,jjhenry14@comcast.net,,,,,Barry & Janis Henry,14 Ivy Chase,,Atlanta,Georgia,30342,,jjhenry14@comcast.net,,,,,,,,589,,8/31/2019,,1,,Barry & Janis Henry,1555,,,FALSE,,,HOA=0058=Glenridge Place Home Owners Association,8/31/2019,12/31/2011,12-Nov,,Ivy Chase,14,,Condo-low,,1/17/2020,10/15/2023,,,,,,10/15/2022,,100418,Lapsed,Ivy Chase,2003543060,
14 Ivy Chase,,Atlanta,Georgia,30342,,14 Ivy Chase,,Atlanta,Georgia,30342,,Henry,bhenry@smithadcock.com,bhenry@smithadcock.com,,Barry & Janis,Henry,Barry & Janis Henry,,,,,,,,,404-869-0687,,,,404-869-0687,,,,,,,,,,,,,,,,,,,,,,,,,1/17/2020,10/15/2023,Ivy Chase Contact,,Yes,,,10/15/2022,2003543060,500416,Lapsed,Ivy Chase Contact,,100418
15 Conifer Circle,,Atlanta,Georgia,30342,United States,15 Conifer Circle,,Atlanta,Georgia,30342,United States,Edward Lindsey,edwardlindsey2014@gmail.com,edwardlindsey2014@gmail.com,,Edward,Lindsey,Edward & Elizabeth Lindsey,,,,,,,,,404-316-4466,,,,,,,,,,,,,,,,,,,,,,,,,,,,,6/16/2022,6/15/2023,Single Family Contact - One Year,6/16/2022,Yes,6/16/2022,,,2011046191,501493,Lapsed,Single Family Contact - One Year,,edwardlindsey2014@gmail.com
15 Conifer Circle,,Atlanta,Georgia,30342,United States,,,,,,,,edwardlindsey2014@gmail.com,,,,,Edward & Elizabeth Lindsey,15 Conifer Circle,,Atlanta,Georgia,30342,United States,edwardlindsey2014@gmail.com,,,,,,,,,,,,,,,,,,,,,,,,,,,,,,,6/16/2022,6/15/2023,,6/16/2022,,,,,,501492,Lapsed,Single Family - One Year - $50,2011046191,
15 Conifer Circle,,Atlanta,Georgia,30342,United States,15 Conifer Circle,,Atlanta,Georgia,30342,United States,Elizabeth Lindsey,eandelindsey@aol.com,eandelindsey@aol.com,,Elizabeth,Lindsey,Edward & Elizabeth Lindsey,,,,,,,,,,,,,,,,,,,,,,,,,,,,,,,,,,,,,,6/16/2022,6/15/2023,Single Family Contact - One Year,6/16/2022,,,,,2011046191,501494,Lapsed,Single Family Contact - One Year,,
15 Ivy Chase,,Atlanta,Georgia,30342,,,,,,,,,Fmorton@NalleyCo.com,,,,,Fred Morton,15 Ivy Chase,,Atlanta,Georgia,30342,,Fmorton@NalleyCo.com,,,,,,,,590,,8/31/2019,,1,,Fred Morton,1785,,,FALSE,,,HOA=0058=Glenridge Place Home Owners Association,8/31/2019,12/31/2011,12-Nov,,Ivy Chase,15,,Condo-low,,1/17/2020,10/15/2023,,,,,,10/15/2022,,100425,Lapsed,Ivy Chase,2003543083,
15 Ivy Chase,,Atlanta,Georgia,30342,,15 Ivy Chase,,Atlanta,Georgia,30342,,Morton,,,,Fred,Morton,Fred Morton,,,,,,,,,404-264-0504,,,,404-264-0504,,,,,,,,,,,,,,,,,,,,,,,,,1/17/2020,10/15/2023,Ivy Chase Contact,,Yes,,,10/15/2022,2003543083,500423,Lapsed,Ivy Chase Contact,,100425
15 Plantation Dr,,Atlanta,Georgia,30324,,15 Plantation Dr,,Atlanta,Georgia,30324,,Diana Bartlett Diana Bartlett,dlbartlett@bellsouth.net,dlbartlett@bellsouth.net,,Diana,Bartlett,Diana Bartlett,,,,,,,,,,,,,,,,,,,,,,,,,,,,,,,,,,,,,,8/23/2020,,Prospect,,,,,,,,Active,Prospect,,dlbartlett@bellsouth.net
150 OLD IVY RD NE,,Atlanta,Georgia,30342,,150 OLD IVY RD NE,,Atlanta,Georgia,30342,,,,,,,,,,,,,,,,,,,,,,,,,,,,,,,,,,,,,,,,,,,,,,2/4/2023,,Prospect,,,,,,,,Active,Prospect,,
16 Ivy Chase,,Atlanta,Georgia,30342,,,,,,,,,,,,,,John & Beckie Amos,16 Ivy Chase,,Atlanta,Georgia,30342,,,,,,,,,,591,,8/31/2019,,1,#CC john.amos@harrynorman.com,John & Beckie Amos,737,1977,,FALSE,,,HOA=0058=Glenridge Place Home Owners Association,8/31/2019,12/31/2011,12-Nov,,Ivy Chase,16,,Condo-low,,1/17/2020,10/15/2023,,,,,,10/15/2022,,100409,Lapsed,Ivy Chase,2003543031,
16 Ivy Chase,,Atlanta,Georgia,30342,,16 Ivy Chase,,Atlanta,Georgia,30342,,Amos,,,,John & Beckie,Amos,John & Beckie Amos,,,,,,,,,770-455-0907,,,770-455-0907,404-237-3686,,,,,,,,,,,,,,,,,,,,,,,,,1/17/2020,10/15/2023,Ivy Chase Contact,,Yes,,,10/15/2022,2003543031,500407,Lapsed,Ivy Chase Contact,,100409
16 Ivy Chase,,Atlanta,Georgia,30342,,,,,,,,,khopkins0214@gmail.com,,,,,Kathy Hopkins,16 Ivy Chase,,Atlanta,Georgia,30342,,khopkins0214@gmail.com,,,,,,,,591,,8/31/2019,,1,,Kathy Hopkins,3170,,,FALSE,,,HOA=0058=Glenridge Place Home Owners Association,8/31/2019,,,,Ivy Chase,16,,Condo-low,,1/17/2020,10/15/2023,,,,,,10/15/2022,,100445,Lapsed,Ivy Chase,2003543148,
16 Ivy Chase,,Atlanta,Georgia,30342,,16 Ivy Chase,,Atlanta,Georgia,30342,,hopkins,khopkins0214@gmail.com,khopkins0214@gmail.com,,Kathy,hopkins,Kathy Hopkins,,,,,,,,,,,,,,,,,,,,,,,,,,,,,,,,,,,,,,1/17/2020,10/15/2023,Ivy Chase Contact,,Yes,7/7/2021,,10/15/2022,2003543148,500443,Lapsed,Ivy Chase Contact,,100445
16 Wieuca Trce,,Atlanta,Georgia,30342,,16 Wieuca Trce,,Atlanta,Georgia,30342,,Fazal Hafeez Fazal,hsfazal@gmail.com,hsfazal@gmail.com,,Hafeez,Fazal,Hafeez Fazal,,,,,,,,,,,,,,,,,,,,,,,,,,,,,,,,,,,,,,1/17/2020,11/4/2019,Prospect,,,,,,,500646,Active,Prospect,,hsfazal@gmail.com
1600 Pennsylvania Ave,,Atlanta,Georgia,30342,,1600 Pennsylvania Ave,,Atlanta,Georgia,30342,,Test Patterson,rpatterson@incitegrowth.com,rpatterson@incitegrowth.com,,Test,Patterson,Test Sponsor,,,,,,,,,,,,,,,,,,,,,,,,,TRUE,,,,,,,,,,,,,12/18/2020,12/17/2021,Sponsorship- One Year Contact,12/18/2020,Yes,6/20/2024,11/18/2024,,2006898633,501255,Lapsed,Sponsorship- One Year Contact,,rpatterso3@incitegrowth.com
1600 Pennsylvania Ave,,Atlanta,Georgia,30342,,,,,,,,,rpatterson@incitegrowth.com,,,,,Test Sponsor,1600 Pennsylvania Ave,,Atlanta,Georgia,30342,,rpatterson@incitegrowth.com,,,,,,,,,,,,,,,,,,TRUE,,,,,,,,,,,,,12/18/2020,12/17/2021,,12/18/2020,,,11/18/2024,,,501254,Lapsed,Sponsor - One Year- $500,2006898633,
1600 Pennsylvania Ave,,Atlanta,Georgia,30342,,1600 Pennsylvania Ave,,Atlanta,Georgia,30342,,Link Patterson,rpatterson@incitegrowth.com,rpatterson@incitegrowth.com,,Link,Patterson,Test Sponsor,,,,,,,,,,,,,,,,,,,,,,,,,,,,,,,,,,,,,,12/18/2020,12/17/2021,Sponsorship- One Year Contact,12/18/2020,,,11/18/2024,,2006898633,501256,Lapsed,Sponsorship- One Year Contact,,
1610 Drayton Woods Drive,,Tucker,Georgia,30084,,1610 Drayton Woods Drive,,Tucker,Georgia,30084,,Bennett Andrea Bennett,andrea0599@gmail.com,andrea0599@gmail.com,,Andrea,Bennett,Andrea Bennett,,,,,,,,,404-816-6500,,,404-816-6500,404-231-4130,,,,,,,,,,,,,,,,,,,,,,,,,1/17/2020,5/1/2018,Prospect,,,,,,,500856,Active,Prospect,,andrea0599@gmail.com
164 W Wieuca Rd,,Atlanta,Georgia,30342,,164 W Wieuca Rd,,Atlanta,Georgia,30342,,Drug Service Care  Inc (Tuxedo Pharm) Tuxedo Pharmacy Ad Drug Service Care  Inc (Tuxedo Pharm) Tuxedo Pharmacy Ad,kwhite23@hotmail.com,kwhite23@hotmail.com,kwhite23@hotmail.com,Drug Service Care  Inc (Tuxedo Pharm),Tuxedo Pharmacy Ad,Drug Service Care  Inc (Tuxedo Pharm),,,,,,,,,,,,,,,,,,,,,,,,,,,,,,,,,,,,,,8/23/2020,,Prospect,,,,,,,,Active,Prospect,,kwhite23@hotmail.com
164 W Wieuca Road NE Suite 7,,Atlanta,Georgia,30342,United States,164 W Wieuca Road NE Suite 7,,Atlanta,Georgia,30342,United States,Naava Lieber,gifts@tuxedopharmacy.net,gifts@tuxedopharmacy.net,,Naava,Lieber,Tuxedo Pharmacy,,,,,,,,,404 255 3022,404 255 3022,,,,,,,,,,,,,,,TRUE,,,,,,,,,,,,,1/20/2021,7/1/2022,Sponsorship- One Year Contact,1/20/2021,Yes,1/20/2021,11/18/2024,,2007134473,501276,Lapsed,Sponsorship- One Year Contact,,gifts@tuxedopharmacy.net
164 W Wieuca Road NE Suite 7,,Atlanta,Georgia,30342,United States,,,,,,,,gifts@tuxedopharmacy.net,,,,,Tuxedo Pharmacy,164 W Wieuca Road NE Suite 7,,Atlanta,Georgia,30342,United States,gifts@tuxedopharmacy.net,,,,,,,,,,,,,,,,,,TRUE,,,,,,,,,,,,,1/20/2021,7/1/2022,,1/20/2021,,,11/18/2024,,,501275,Lapsed,Sponsor - One Year- $500,2007134473,
167 Old Ivy Road NE,,Atlanta,Georgia,30342,United States,,,,,,,,mattoja01@gmail.com,,,,,Matt & Gail Oja,167 Old Ivy Road NE,,Atlanta,Georgia,30342,United States,mattoja01@gmail.com,4046937277,4046937277,,,,,,1592,,5/19/2017,90,2,Kill=ojamatt@yahoo.com 02/28/19;,Matt & Gail Oja,2320,,,FALSE,,,other,5/20/2017,1/9/2018,18/19,,Old Ivy Rd,167,,R3,,1/17/2020,5/20/2026,,5/20/2020,,,,3/28/2024,,100719,Active,Single Family - Two Year - $90,2003544080,
167 Old Ivy Road NE,,Atlanta,Georgia,30342,United States,167 Old Ivy Road NE,,Atlanta,Georgia,30342,United States,Matt Oja,mattoja01@gmail.com,mattoja01@gmail.com,mattoja01@gmail.com,Matt & Gail,Oja,Matt & Gail Oja,,,,,,,,,4046937277,,,,,,,,,,,,,,,,,,,,,,,,,,,,,1/17/2020,5/20/2026,Single Family Contact - Two Year,5/20/2020,Yes,3/24/2021,,3/28/2024,2003544080,500717,Active,Single Family Contact - Two Year,,100719
167 Old Ivy Road NE,,Atlanta,Georgia,30342,United States,167 Old Ivy Road NE,,Atlanta,Georgia,30342,United States,Gail Oja,gailoja4@gmail.com,gailoja4@gmail.com,,Gail,Oja,Matt & Gail Oja,,,,,,,,,4046937277,,,,,,,,,,,,,,,,,,,,,,,,,,,,,11/24/2020,5/20/2026,Single Family Contact - Two Year,5/20/2020,Yes,,,3/28/2024,2003544080,501221,Active,Single Family Contact - Two Year,,ojagail
17 Ivy Chase,,Atlanta,Georgia,30342,,,,,,,,,liddychat@aol.com,,,,,Richard & Liddy Chatham,17 Ivy Chase,,Atlanta,Georgia,30342,,liddychat@aol.com,,,,,,,,592,,8/31/2019,,1,,Richard & Liddy Chatham,1786,,,FALSE,,,HOA=0058=Glenridge Place Home Owners Association,8/31/2019,12/31/2011,12-Nov,,Ivy Chase,17,,Condo-low,,1/17/2020,10/15/2023,,,,,,10/15/2022,,100426,Lapsed,Ivy Chase,2003543086,
17 Ivy Chase,,Atlanta,Georgia,30342,,17 Ivy Chase,,Atlanta,Georgia,30342,,Chatham,chatkoppar@aol.com,chatkoppar@aol.com,,Richard & Liddy,Chatham,Richard & Liddy Chatham,,,,,,,,,404-233-4159,,,,404-233-4159,,,,,,,,,,,,,,,,,,,,,,,,,1/17/2020,10/15/2023,Ivy Chase Contact,,Yes,,,10/15/2022,2003543086,500424,Lapsed,Ivy Chase Contact,,100426
17 Wieuca Trce,,Atlanta,Georgia,30342,,,,,,,,,afbauer74@yahoo.com,,,,,Erik  Mandy  Carson & Graham Bauer,17 Wieuca Trce,,Atlanta,Georgia,30342,,afbauer74@yahoo.com,,,,,,,,4381,,11/3/2019,50,1,,Erik  Mandy  Carson & Graham Bauer,1832,2006,,FALSE,,,other,11/4/2019,11/20/2019,19/20,,Wieuca Trce,17,,PD-H,,1/17/2020,11/4/2020,,,,,,,,100345,Lapsed,Single Family - One Year - $50,2003542812,
17 Wieuca Trce,,Atlanta,Georgia,30342,,17 Wieuca Trce,,Atlanta,Georgia,30342,,Bauer,afbauer74@yahoo.com,afbauer74@yahoo.com,,"Erik, Mandy, Carson & Graham",Bauer,Erik  Mandy  Carson & Graham Bauer,,,,,,,,,404-254-0784,,,,404-254-0784,,,,,,,,,,,,,,,,,,,,Wieuca Trce,,,A32,,1/17/2020,11/4/2020,Single Family Contact - One Year,,Yes,,,,2003542812,100345,Lapsed,Single Family Contact - One Year,,100345
170 Old Ivy Rd,,Atlanta,Georgia,30342,,170 Old Ivy Rd,,Atlanta,Georgia,30342,,Mark Van Tilburg & Todd Greer M.D. Tilburg Mark Van Tilburg & Todd Greer M.D. Tilburg,doctoranisa@gmail.com,doctoranisa@gmail.com,doctoranisa@gmail.com,Mark Van Tilburg & Todd Greer M.D.,Tilburg,Mark Van Tilburg & Todd Greer M.D.,,,,,,,,,,,,,,,,,,,,,,,,,,,,,,,,,,,,,,8/23/2020,,Prospect,,,,,,,,Active,Prospect,,doctoranisa@gmail.com
170 OLD IVY RD NE,,Atlanta,Georgia,30342,,170 OLD IVY RD NE,,Atlanta,Georgia,30342,,,,,,,,,,,,,,,,,,,,,,,,,,,,,,,,,,,,,,,,,,,,,,2/4/2023,,Prospect,,,,,,,,Active,Prospect,,
1720 Mt Paran Rd,,Atlanta,Georgia,30327,,,,,,,,,karenvarrone@me.com,,,,,Angelo & Karen Varrone,1720 Mt Paran Rd,,Atlanta,Georgia,30327,,karenvarrone@me.com,,,,,,,,,,11/3/2019,50,1,,Angelo & Karen Varrone,1968,,F&,FALSE,,,cash,11/4/2019,11/20/2019,19/20,,Mt Paran Rd,1720,,NR,,1/17/2020,11/3/2020,,,,,,,,100349,Lapsed,Single Family - One Year - $50,2003542825,
1720 Mt Paran Rd,,Atlanta,Georgia,30327,,1720 Mt Paran Rd,,Atlanta,Georgia,30327,,Varrone,karenvarrone@me.com,karenvarrone@me.com,,Angelo & Karen,Varrone,Angelo & Karen Varrone,,,,,,,,,404-213-6187,,404-213-6187,,,,,,,,,,,,,,,,,,,,,,Mt Paran Rd,,,,,1/17/2020,11/3/2020,Single Family Contact - One Year,,Yes,,,,2003542825,100349,Lapsed,Single Family Contact - One Year,,100349
18 CONIFER CIR NE,,Atlanta,Georgia,30342,,18 CONIFER CIR NE,,Atlanta,Georgia,30342,,,,,,,,,,,,,,,,,,,,,,,,,,,,,,,,,,,,,,,,,,,,,,2/4/2023,,Prospect,,,,,,,,Active,Prospect,,
18 IVY CHASE NE,,Atlanta,Georgia,30342,,18 IVY CHASE NE,,Atlanta,Georgia,30342,,,,,,,,,,,,,,,,,,,,,,,,,,,,,,,,,,,,,,,,,,,,,,2/4/2023,,Prospect,,,,,,,,Active,Prospect,,
18 IVY PKWY NE,,Atlanta,Georgia,30342,,18 IVY PKWY NE,,Atlanta,Georgia,30342,,,,,,,,,,,,,,,,,,,,,,,,,,,,,,,,,,,,,,,,,,,,,,2/4/2023,,Prospect,,,,,,,,Active,Prospect,,
18 IVY RDG NE,,Atlanta,Georgia,30342,,18 IVY RDG NE,,Atlanta,Georgia,30342,,,,,,,,,,,,,,,,,,,,,,,,,,,,,,,,,,,,,,,,,,,,,,2/4/2023,,Prospect,,,,,,,,Active,Prospect,,
18 OLDE IVY SQ NE,,Atlanta,Georgia,30342,,18 OLDE IVY SQ NE,,Atlanta,Georgia,30342,,,,,,,,,,,,,,,,,,,,,,,,,,,,,,,,,,,,,,,,,,,,,,2/4/2023,,Prospect,,,,,,,,Active,Prospect,,
18 WIEUCA TRCE NE,,Atlanta,Georgia,30342,,18 WIEUCA TRCE NE,,Atlanta,Georgia,30342,,,,,,,,,,,,,,,,,,,,,,,,,,,,,,,,,,,,,,,,,,,,,,2/4/2023,,Prospect,,,,,,,,Active,Prospect,,
1802 Macy Dr,,Atlanta,Georgia,30076,,1802 Macy Dr,,Atlanta,Georgia,30076,,Max Escher Max Escher,max.escher@eescherinc.com,max.escher@eescherinc.com,emaxescher@gmail.com,Max,Escher,Max Escher,,,,,,,,,,,,,,,,,,,,,,,,,,,,,,,,,,,,,,8/23/2020,,Prospect,,,10/29/2024,,,,,Active,Prospect,,max.escher@eescherinc.com
183 Old Ivy Rd,,Atlanta,Georgia,30342,United States,,,,,,,,drmeno@hotmail.com,,,,,Mark & Christine Thaiya,183 Old Ivy Rd,,Atlanta,Georgia,30342,United States,drmeno@hotmail.com,,,,,,,,1593,,3/29/2019,50,1,,Mark & Christine Thaiya,235,2010,,FALSE,,,11447083DJ753911M,4/4/2019,4/27/2019,19/20,,Old Ivy Rd,183,,R3,,1/17/2020,5/31/2026,,,,,,5/31/2025,,100536,Active,Single Family - One Year - $50,2003543466,
183 Old Ivy Rd,,Atlanta,Georgia,30342,United States,183 Old Ivy Rd,,Atlanta,Georgia,30342,United States,Thaiya,drmeno@hotmail.com,drmeno@hotmail.com,drmeno@hotmail.com,Mark & Christine,Thaiya,Mark & Christine Thaiya,,,,,,,,,4046677122,,404-667-7122,,,404-667-2800,,,,,,,,,,,,,,,,,,,Old Ivy Rd,,,B32,,1/17/2020,5/31/2026,Single Family Contact - One Year,,Yes,5/31/2025,,5/31/2025,2003543466,100536,Active,Single Family Contact - One Year,,100536
19 Conifer Cir,,Atlanta,Georgia,30342,United States,,,,,,,,lynnsaperstein@gmail.com,,,,,Lynn Saperstein,19 Conifer Cir,,Atlanta,Georgia,30342,United States,lynnsaperstein@gmail.com,4042022900,4042022900,,,,,,195,,1/28/2019,50,1,Kill=ls10k@aol.com 09/04/2018,Lynn Saperstein,2525,2014,Yes,FALSE,,,8US26301B5082430L,3/17/2019,4/2/2019,19/20,243,Conifer Cir,19,,PD-H,,1/17/2020,1/25/2027,,,,,,1/25/2026,,100563,Active,Single Family - One Year - $50,2003543552,
19 Conifer Cir,,Atlanta,Georgia,30342,United States,19 Conifer Cir,,Atlanta,Georgia,30342,United States,Lynn Saperstein,lynnsaperstein@gmail.com,lynnsaperstein@gmail.com,lynnsaperstein@gmail.com,Lynn,Saperstein,Lynn Saperstein,,,,,,,,,404-202-2900,,404-202-2900,,,,,,,,,,,,,Yes,,,,,,,,243,Conifer Cir,19,,,,1/17/2020,1/25/2027,Single Family Contact - One Year,,Yes,3/13/2022,,1/25/2026,2003543552,500561,Active,Single Family Contact - One Year,,100563
19 Conifer Cir,,Atlanta,Georgia,30342,United States,19 Conifer Cir,,Atlanta,Georgia,30342,United States,Jan Saperstein,jsaperstein@seam.us.com,jsaperstein@seam.us.com,,Jan,Saperstein,Lynn Saperstein,,,,,,,,,404-202-2800,,,,,,,,,,,,,,,Yes,,,,,,,,243,Conifer Cir,19,,,,5/10/2021,1/25/2027,Single Family Contact - One Year,,Yes,,,1/25/2026,2003543552,501352,Active,Single Family Contact - One Year,,
19 Ivy Chase,,Atlanta,Georgia,30342,,,,,,,,,wjmooney6@gmail.com,,,,,Beth & Bill Mooney,19 Ivy Chase,,Atlanta,Georgia,30342,,wjmooney6@gmail.com,,,,,,,,594,,8/31/2019,,1,,Beth & Bill Mooney,929,,,FALSE,,,HOA=0058=Glenridge Place Home Owners Association,8/31/2019,12/31/2011,12-Nov,,Ivy Chase,19,,Condo-low,,1/17/2020,10/15/2023,,,,,,10/15/2022,,100413,Lapsed,Ivy Chase,2003543044,
19 Ivy Chase,,Atlanta,Georgia,30342,,19 Ivy Chase,,Atlanta,Georgia,30342,,Mooney,,,,Beth & Bill,Mooney,Beth & Bill Mooney,,,,,,,,,404-239-0753,,,,404-239-0753,,,,,,,,,,,,,,,,,,,,,,,,,1/17/2020,10/15/2023,Ivy Chase Contact,,Yes,,,10/15/2022,2003543044,500411,Lapsed,Ivy Chase Contact,,100413
"191 Peachtree Street, NE",Suite 500,Atlanta,Georgia,30303,,"191 Peachtree Street, NE",Suite 500,Atlanta,Georgia,30303,,Amy Williams,awilliams@cousins.com,awilliams@cousins.com,,Amy,Williams,"Livable Buckhead, Inc.",,,,,,,,,404-407-1832,,,,,,,,,,,,,,,,,,,,,,,,,,,,,11/10/2020,6/23/2026,Courtesy Contact,11/6/2020,,,,6/23/2025,2006119465,501200,Active,Courtesy Contact,,awilliams@cousins.com
196 PINELAND RD NW,,Atlanta,Georgia,30342,,196 PINELAND RD NW,,Atlanta,Georgia,30342,,J.P. Matzigkeit J.P. Matzigkeit,jp.matzigkeit@gmail.com,jp.matzigkeit@gmail.com,,J.P.,Matzigkeit,J.P. Matzigkeit,,,,,,,,,,,,,,,,,,,,,,,,,,,,,,,,,,,,,,8/23/2020,,Prospect,,,,,,,,Active,Prospect,,jp.matzigkeit@gmail.com
196 PINELAND RD NW,,Atlanta,Georgia,30342,,196 PINELAND RD NW,,Atlanta,Georgia,30342,,,,,,,,,,,,,,,,,,,,,,,,,,,,,,,,,,,,,,,,,,,,,,2/4/2023,,Prospect,,,,,,,,Active,Prospect,,
2 Emma Ln,,Atlanta,Georgia,30342,,,,,,,,,KRiggall@comcast.net,,,,,Chris & Kitsie Riggall,2 Emma Ln,,Atlanta,Georgia,30342,,KRiggall@comcast.net,,,,,,,,247,,10/27/2019,90,2,,Chris & Kitsie Riggall,864,1995,,FALSE,,,8AJ10181YW754644R,11/2/2019,1/17/2020,20/21,,Emma Ln,2,,R3,,1/17/2020,11/11/2023,,,,,,9/12/2021,,100115,Lapsed,Single Family - Two Year - $90,2003542293,
2 Emma Ln,,Atlanta,Georgia,30342,,2 Emma Ln,,Atlanta,Georgia,30342,,Riggall,KRiggall@comcast.net,KRiggall@comcast.net,,Chris & Kitsie,Riggall,Chris & Kitsie Riggall,,,,,,,,,404-656-5792,,,404-656-5792,404-943-9063,,,,,,,,,,,,,,,,,,,,Emma Ln,,,B11,,1/17/2020,11/11/2023,Single Family Contact - Two Year,,Yes,,,9/12/2021,2003542293,100115,Lapsed,Single Family Contact - Two Year,,100115
20 Ivy Chase,,Atlanta,Georgia,30342,,,,,,,,,,,,,,Mary Margaret Harris,20 Ivy Chase,,Atlanta,Georgia,30342,,,,,,,,,,595,,8/31/2019,,1,,Mary Margaret Harris,1557,1998,,FALSE,,,HOA=0058=Glenridge Place Home Owners Association,8/31/2019,12/31/2011,12-Nov,,Ivy Chase,20,,Condo-low,,1/17/2020,10/15/2023,,,,,,10/15/2022,,100419,Lapsed,Ivy Chase,2003543063,
20 Ivy Chase,,Atlanta,Georgia,30342,,20 Ivy Chase,,Atlanta,Georgia,30342,,Harris,,,,Mary Margaret,Harris,Mary Margaret Harris,,,,,,,,,404-846-0884,,,,404-846-0884,,,,,,,,,,,,,,,,,,,,,,,,,1/17/2020,10/15/2023,Ivy Chase Contact,,Yes,,,10/15/2022,2003543063,500417,Lapsed,Ivy Chase Contact,,100419
20 Orchard Spring SW,,Atlanta,Georgia,30342,,20 Orchard Spring SW,,Atlanta,Georgia,30342,,Wade & Gayle Hoyt Wade & Gayle Hoyt,bzdreamr@aol.com,bzdreamr@aol.com,,Wade & Gayle,Hoyt,Wade & Gayle Hoyt,,,,,,,,,,,,,,,,,,,,,,,,,,,,,,,,,,,,,,8/23/2020,,Prospect,,,,,,,,Active,Prospect,,bzdreamr@aol.com
20 Stratford Place,,Atlanta,Georgia,30342,,20 Stratford Place,,Atlanta,Georgia,30342,,Hillery McNeill,hillery.mcneill@gmail.com,hillery.mcneill@gmail.com,,Hillery,McNeill,Hillery & John McNeill,,,,,,,,,678-640-9648,,678-640-9648,,,,,,,,,,,,,Yes,,,,,,,,149,,,,,,11/2/2020,6/23/2020,Prospect,,,,,,,501127,Active,Prospect,,hillery.mcneill@gmail.com
200 OLD IVY RD NE,,Atlanta,Georgia,30342,,200 OLD IVY RD NE,,Atlanta,Georgia,30342,,,,,,,,,,,,,,,,,,,,,,,,,,,,,,,,,,,,,,,,,,,,,,2/4/2023,,Prospect,,,,,,,,Active,Prospect,,
2000 Cheshire Bridge Rd,,Atlanta,Georgia,30324,,,,,,,,,jeff@BuckheadMidtownVacuum.com,,,,,Buckhead-Midtown Vacuum,2000 Cheshire Bridge Rd,,Atlanta,Georgia,30324,,jeff@BuckheadMidtownVacuum.com,,,,,,,,4556,,8/28/2019,100,1,,Buckhead-Midtown Vacuum,266,1995,,FALSE,,,env2,8/30/2019,9/7/2019,19/20,,Cheshire Bridge Rd,2000,,Bus,,1/17/2020,10/19/2022,,,,,,10/19/2021,,100400,Lapsed,Business - One Year - $100,2003543001,
2000 Cheshire Bridge Rd,,Atlanta,Georgia,30324,,2000 Cheshire Bridge Rd,,Atlanta,Georgia,30324,,Buckhead-Midtown Vacuum,jeff@BuckheadMidtownVacuum.com,jeff@BuckheadMidtownVacuum.com,,Buckhead Midtown Vacuum,Buckhead-Midtown Vacuum,Buckhead-Midtown Vacuum,,,,,,,,,404-876-8655,,404-876-8655,404-876-8655,,,,,,,,,,,,,,,,,,,,,,,,,,1/17/2020,10/19/2022,Business - One Year Contact,,Yes,,,10/19/2021,2003543001,500398,Lapsed,Business - One Year Contact,,100400
2006 Tall Tree Dr,,Atlanta,Georgia,30324,,2006 Tall Tree Dr,,Atlanta,Georgia,30324,,Lerru Witt Lerru Witt,kerrywitt@mindspring.com,kerrywitt@mindspring.com,,Lerru,Witt,Kerry Witt,,,,,,,,,,,,,,,,,,,,,,,,,,,,,,,,,,,,,,8/23/2020,,Prospect,,,,,,,,Active,Prospect,,kerrywitt@mindspring.com
205 OLD IVY RD NE,,Atlanta,Georgia,30342,,205 OLD IVY RD NE,,Atlanta,Georgia,30342,,,,,,,,,,,,,,,,,,,,,,,,,,,,,,,,,,,,,,,,,,,,,,2/4/2023,,Prospect,,,,,,,,Active,Prospect,,
207 Old Ivy Rd,,Atlanta,Georgia,30342,,207 Old Ivy Rd,,Atlanta,Georgia,30342,,Smillie,monolithicdawg@gmail.com,monolithicdawg@gmail.com,,Thomas,Smillie,Thomas Smillie,,,,,,,,,770-989-3000,,,770-989-3000,404-819-0474,,,,,,,,,,,,,,,,,,,,,,,,,1/17/2020,2/3/2023,Single Family Contact - Two Year,2/4/2021,Yes,8/16/2023,,,2007235431,500837,Lapsed,Single Family Contact - Two Year,,monolithicdawg@gmail.com
207 Old Ivy Road,,Atlanta,Georgia,30342,United States,,,,,,,,monolithicdawg@gmail.com,,,,,French-Smillie,207 Old Ivy Road,,Atlanta,Georgia,30342,United States,monolithicdawg@gmail.com,,,,,,,,,,,,,,,,,,,,,,,,,,,,,,,2/4/2021,2/3/2023,,2/4/2021,,,,,,501289,Lapsed,Single Family - Two Year - $90,2007235431,
208 MIDVALE DR NE,,Atlanta,Georgia,30342,,208 MIDVALE DR NE,,Atlanta,Georgia,30342,,,,,,,,,,,,,,,,,,,,,,,,,,,,,,,,,,,,,,,,,,,,,,2/4/2023,,Prospect,,,,,,,,Active,Prospect,,
21 Ivy Chase,,Atlanta,Georgia,30342,,,,,,,,,vkwile@gmail.com,,,,,Vickey & Ed Wile,21 Ivy Chase,,Atlanta,Georgia,30342,,vkwile@gmail.com,,,,,,,,596,,8/31/2019,,1,,Vickey & Ed Wile,1128,,,FALSE,,,HOA=0058=Glenridge Place Home Owners Association,8/31/2019,12/31/2011,12-Nov,,Ivy Chase,21,,Condo-low,,1/17/2020,10/15/2023,,,,,,10/15/2022,,100415,Lapsed,Ivy Chase,2003543051,
21 Ivy Chase,,Atlanta,Georgia,30342,,21 Ivy Chase,,Atlanta,Georgia,30342,,Wile,vkwile@gmail.com,vkwile@gmail.com,,Vickey & Ed,Wile,Vickey & Ed Wile,,,,,,,,,404-261-4006,,,,404-261-4006,,,,,,,,,,,,,,,,,,,,,,,,,1/17/2020,10/15/2023,Ivy Chase Contact,,Yes,,,10/15/2022,2003543051,500413,Lapsed,Ivy Chase Contact,,100415
210 Morgan Farm Dr,,Atlanta,Georgia,30342,,,,,,,,,dciprari@mindspring.com,,,,,Kristen & Dan Ciprari,210 Morgan Farm Dr,,Atlanta,Georgia,30342,,dciprari@mindspring.com,,,,,,,,4568,,8/27/2019,90,2,,Kristen & Dan Ciprari,1204,1999,,TRUE,,,env2,8/31/2019,1/17/2020,20/21,,Morgan Farm Dr,210,,NR,,1/17/2020,9/28/2021,,,,,,9/28/2019,,100147,Lapsed,Single Family - Two Year - $90,2003542363,
210 Morgan Farm Dr,,Atlanta,Georgia,30342,,210 Morgan Farm Dr,,Atlanta,Georgia,30342,,Ciprari - Wood,dciprari@mindspring.com,dciprari@mindspring.com,klwood@mindspring.com,Kristen & Dan,Ciprari - Wood,Kristen & Dan Ciprari,,,,,,,,,404-371-3032,,,404-371-3032,404-252-5510,,,,,,,,,,,,,,,,,,,,Morgan Farm Dr,,,,,1/17/2020,9/28/2021,Single Family Contact - Two Year,,Yes,,,9/28/2019,2003542363,100147,Lapsed,Single Family Contact - Two Year,,100147
212 Midvale Dr,,Atlanta,Georgia,30342,,212 Midvale Dr,,Atlanta,Georgia,30342,,Tim & Kelli Carlson Tim & Kelli Carlson,kelli.carlson@yahoo.com,kelli.carlson@yahoo.com,,Tim & Kelli,Carlson,Tim & Kelli Carlson,,,,,,,,,404-405-9079,,404-405-9079,,,,,,,,,,,,,,,,,,,,,,,,,,,8/23/2020,,Prospect,,,,,,,,Active,Prospect,,kelli.carlson@yahoo.com
212 MIDVALE DR NE,,Atlanta,Georgia,30342,,212 MIDVALE DR NE,,Atlanta,Georgia,30342,,,,,,,,,,,,,,,,,,,,,,,,,,,,,,,,,,,,,,,,,,,,,,2/4/2023,,Prospect,,,,,,,,Active,Prospect,,
215 MIDVALE DR NE,,Atlanta,Georgia,30342,,215 MIDVALE DR NE,,Atlanta,Georgia,30342,,,,,,,,,,,,,,,,,,,,,,,,,,,,,,,,,,,,,,,,,,,,,,2/4/2023,,Prospect,,,,,,,,Active,Prospect,,
218 MIDVALE DR NE,,Atlanta,Georgia,30342,,218 MIDVALE DR NE,,Atlanta,Georgia,30342,,,,,,,,,,,,,,,,,,,,,,,,,,,,,,,,,,,,,,,,,,,,,,2/4/2023,,Prospect,,,,,,,,Active,Prospect,,
219 MIDVALE DR NE,,Atlanta,Georgia,30342,,219 MIDVALE DR NE,,Atlanta,Georgia,30342,,,,,,,,,,,,,,,,,,,,,,,,,,,,,,,,,,,,,,,,,,,,,,2/4/2023,,Prospect,,,,,,,,Active,Prospect,,
22 Ivy Chase,,Atlanta,Georgia,30342,,,,,,,,,naavalieber@gmail.com,,,,,Naava Lieber,22 Ivy Chase,,Atlanta,Georgia,30342,,naavalieber@gmail.com,,,,,,,,597,,8/31/2019,,1,Kill=marvinlieber30@aol.com 08/06/19;,Naava Lieber,1650,,,FALSE,,,HOA=0058=Glenridge Place Home Owners Association,8/31/2019,12/31/2011,12-Nov,,Ivy Chase,22,,Condo-low,,1/17/2020,10/15/2023,,,,,,10/15/2022,,100420,Lapsed,Ivy Chase,2003543066,
22 Ivy Chase,,Atlanta,Georgia,30342,,22 Ivy Chase,,Atlanta,Georgia,30342,,Lieber,naavalieber@gmail.com,naavalieber@gmail.com,,Naava,Lieber,Naava Lieber,,,,,,,,,404-949-9463,,,,404-949-9463,,,,,,,,,,,,,,,,,,,,,,,,,1/17/2020,10/15/2023,Ivy Chase Contact,,Yes,,,10/15/2022,2003543066,500418,Lapsed,Ivy Chase Contact,,100420
22 Ivy Chase,,Atlanta,Georgia,30342,,22 Ivy Chase,,Atlanta,Georgia,30342,,Fred Shessel,fshessel5@gmail.com,fshessel5@gmail.com,,Fred,Shessel,,,,,,,,,,4043166030,,4043166030,,,,,,,,,,,,,Yes,,,,,,,,224,,,,,,1/11/2026,,Prospect,,,,,,,,Active,Prospect,,fshessel5@gmail.com
22 Ivy Chase,,Atlanta,Georgia,30342,,22 Ivy Chase,,Atlanta,Georgia,30342,,Sheila Shessel,shs7@bllsouth.net,shs7@bllsouth.net,,Sheila,Shessel,,,,,,,,,,4043166029,,4043166029,,,,,,,,,,,,,Yes,,,,,,,,224,,,,,,1/11/2026,,Prospect,,,,,,,,Active,Prospect,,shs7@bllsouth.net
22 Old Ivy Rd,Unit 16,Atlanta,Georgia,30342,,22 Old Ivy Rd,Unit 16,Atlanta,Georgia,30342,,Julie Ravry,ravryjam@gmail.com,ravryjam@gmail.com,,Julie,Ravry,,,,,,,,,,,,,,,,,,,,,,,,,,,,,,,,,,,,,,,10/27/2025,,Prospect,,,,,,,,Active,Prospect,,ravryjam@gmail.com
220 CHASTAIN PRESERVE LN,,Atlanta,Georgia,30342,,220 CHASTAIN PRESERVE LN,,Atlanta,Georgia,30342,,,,,,,,,,,,,,,,,,,,,,,,,,,,,,,,,,,,,,,,,,,,,,2/4/2023,,Prospect,,,,,,,,Active,Prospect,,
222 CHASTAIN PRESERVE LN,,Atlanta,Georgia,30342,,222 CHASTAIN PRESERVE LN,,Atlanta,Georgia,30342,,,,,,,,,,,,,,,,,,,,,,,,,,,,,,,,,,,,,,,,,,,,,,2/4/2023,,Prospect,,,,,,,,Active,Prospect,,
224 CHASTAIN PRESERVE LN,,Atlanta,Georgia,30342,,224 CHASTAIN PRESERVE LN,,Atlanta,Georgia,30342,,,,,,,,,,,,,,,,,,,,,,,,,,,,,,,,,,,,,,,,,,,,,,2/4/2023,,Prospect,,,,,,,,Active,Prospect,,
224 Midvale Dr,,Atlanta,Georgia,30342,,224 Midvale Dr,,Atlanta,Georgia,30342,,Sarah & Matt Hamilton Sarah & Matt Hamilton,Sarah_gennett@yahoo.com,Sarah_gennett@yahoo.com,,Sarah & Matt,Hamilton,Sarah & Matt Hamilton,,,,,,,,,,,,,,,,,,,,,,,,,,,,,,,,,,,,,,8/23/2020,,Prospect,,,,,,,,Active,Prospect,,Sarah_gennett@yahoo.com
224 MIDVALE DR NE,,Atlanta,Georgia,30342,,224 MIDVALE DR NE,,Atlanta,Georgia,30342,,,,,,,,,,,,,,,,,,,,,,,,,,,,,,,,,,,,,,,,,,,,,,2/4/2023,,Prospect,,,,,,,,Active,Prospect,,
225 Chester Ave,,Atlanta,Georgia,30316,,225 Chester Ave,,Atlanta,Georgia,30316,,Trees Atlanta Trees Atlanta Trees Atlanta Trees Atlanta,connie@treesatlanta.org,connie@treesatlanta.org,,Trees Atlanta,Trees Atlanta,Trees Atlanta,,,,,,,,,,,,,,,,,,,,,,,,,,,,,,,,,,,,,,8/23/2020,,Prospect,,,,,,,,Active,Prospect,,connie@treesatlanta.org
225 Midvale Dr,,Atlanta,Georgia,30342,,225 Midvale Dr,,Atlanta,Georgia,30342,,Ashley & David Marsh Ashley & David Marsh,almarsh@gmail.com,almarsh@gmail.com,marsh.david@gmail.com,Ashley & David,Marsh,Ashley & David Marsh,,,,,,,,,,,,,,,,,,,,,,,,,,,,,,,,,,,,,,8/23/2020,,Prospect,,,,,,,,Active,Prospect,,almarsh@gmail.com
226 CHASTAIN PRESERVE LN,,Atlanta,Georgia,30342,,226 CHASTAIN PRESERVE LN,,Atlanta,Georgia,30342,,,,,,,,,,,,,,,,,,,,,,,,,,,,,,,,,,,,,,,,,,,,,,2/4/2023,,Prospect,,,,,,,,Active,Prospect,,
228 CHASTAIN PRESERVE LN,,Atlanta,Georgia,30342,,228 CHASTAIN PRESERVE LN,,Atlanta,Georgia,30342,,,,,,,,,,,,,,,,,,,,,,,,,,,,,,,,,,,,,,,,,,,,,,2/4/2023,,Prospect,,,,,,,,Active,Prospect,,
229 Old Ivy Rd,,Atlanta,Georgia,30342,,,,,,,,,tbone@xsnet.com,,,,,Todd Bone,229 Old Ivy Rd,,Atlanta,Georgia,30342,,tbone@xsnet.com,,,,,,,,1597,,2/12/2020,90,2,,Todd Bone,1782,2013,,TRUE,,,9BV43456F67054208,2/14/2020,1/29/2019,19/20,,Old Ivy Rd,229,,R3,,1/17/2020,2/26/2022,,,,,,,,100578,Lapsed,Single Family - One Year - $50,2003543605,
229 Old Ivy Rd,,Atlanta,Georgia,30342,,229 Old Ivy Rd,,Atlanta,Georgia,30342,,Bone,tbone@xsnet.com,tbone@xsnet.com,,Todd,Bone,Todd Bone,,,,,,,,,,,,,,,,,,,,,,,,,,,,,,,,,Old Ivy Rd,,,B32,,1/17/2020,2/26/2022,Single Family Contact - One Year,,Yes,,,,2003543605,100578,Lapsed,Single Family Contact - One Year,,100578
23 IVY CHASE NE,,Atlanta,Georgia,30342,,23 IVY CHASE NE,,Atlanta,Georgia,30342,,,,,,,,,,,,,,,,,,,,,,,,,,,,,,,,,,,,,,,,,,,,,,2/4/2023,,Prospect,,,,,,,,Active,Prospect,,
23 IVY GATES NE,,Atlanta,Georgia,30342,,23 IVY GATES NE,,Atlanta,Georgia,30342,,,,,,,,,,,,,,,,,,,,,,,,,,,,,,,,,,,,,,,,,,,,,,2/4/2023,,Prospect,,,,,,,,Active,Prospect,,
23 IVY RDG NE,,Atlanta,Georgia,30342,,23 IVY RDG NE,,Atlanta,Georgia,30342,,,,,,,,,,,,,,,,,,,,,,,,,,,,,,,,,,,,,,,,,,,,,,2/4/2023,,Prospect,,,,,,,,Active,Prospect,,
23 IVY SQ NE,,Atlanta,Georgia,30342,,23 IVY SQ NE,,Atlanta,Georgia,30342,,,,,,,,,,,,,,,,,,,,,,,,,,,,,,,,,,,,,,,,,,,,,,2/4/2023,,Prospect,,,,,,,,Active,Prospect,,
23 IVY TRL NE,,Atlanta,Georgia,30342,,23 IVY TRL NE,,Atlanta,Georgia,30342,,,,,,,,,,,,,,,,,,,,,,,,,,,,,,,,,,,,,,,,,,,,,,2/4/2023,,Prospect,,,,,,,,Active,Prospect,,
23 OLDE IVY SQ NE,,Atlanta,Georgia,30342,,23 OLDE IVY SQ NE,,Atlanta,Georgia,30342,,,,,,,,,,,,,,,,,,,,,,,,,,,,,,,,,,,,,,,,,,,,,,2/4/2023,,Prospect,,,,,,,,Active,Prospect,,
230 CHASTAIN PRESERVE LN,,Atlanta,Georgia,30342,,230 CHASTAIN PRESERVE LN,,Atlanta,Georgia,30342,,,,,,,,,,,,,,,,,,,,,,,,,,,,,,,,,,,,,,,,,,,,,,2/4/2023,,Prospect,,,,,,,,Active,Prospect,,
230 John Wesley Dobbs Avenue,,Atlanta,Georgia,30303,,230 John Wesley Dobbs Avenue,,Atlanta,Georgia,30303,,Howard Grant,howard.grant@atlantahousing.org,howard.grant@atlantahousing.org,,Howard,Grant,"Livable Buckhead, Inc.",,,,,,,,,404-817-7220,,,,,,,,,,,,,,,,,,,,,,,,,,,,,11/10/2020,6/23/2026,Courtesy Contact,11/6/2020,,,,6/23/2025,2006119465,501202,Active,Courtesy Contact,,howard.grant@atlantahousing.org
232 CHASTAIN PRESERVE LN,,Atlanta,Georgia,30342,,232 CHASTAIN PRESERVE LN,,Atlanta,Georgia,30342,,,,,,,,,,,,,,,,,,,,,,,,,,,,,,,,,,,,,,,,,,,,,,2/4/2023,,Prospect,,,,,,,,Active,Prospect,,
232 MIDVALE DR NE,,Atlanta,Georgia,30342,,232 MIDVALE DR NE,,Atlanta,Georgia,30342,,,,,,,,,,,,,,,,,,,,,,,,,,,,,,,,,,,,,,,,,,,,,,2/4/2023,,Prospect,,,,,,,,Active,Prospect,,
233 MIDVALE DR NE,,Atlanta,Georgia,30342,,233 MIDVALE DR NE,,Atlanta,Georgia,30342,,,,,,,,,,,,,,,,,,,,,,,,,,,,,,,,,,,,,,,,,,,,,,2/4/2023,,Prospect,,,,,,,,Active,Prospect,,
234 Chastain Preserve Lane,,atlanta,Georgia,30342,,234 Chastain Preserve Lane,,atlanta,Georgia,30342,,Kristy Hoffman,hoffmank@bessemer.com,hoffmank@bessemer.com,,Kristy,Hoffman,Hoffman,,,,,,,,,4042914098,,,,,,,,,,,,,,,Yes,,,,,,,,215,Chastain Preserve Lane,234,,,,1/3/2023,4/24/2027,Single Family Contact - Two Year,4/25/2023,Yes,4/14/2025,,4/14/2025,2013168235,501618,Active,Single Family Contact - Two Year,,KristyHoffman
234 Chastain Preserve Lane,,atlanta,Georgia,30342,,,,,,,,,hoffmank@bessemer.com,,,,,Hoffman,234 Chastain Preserve Lane,,atlanta,Georgia,30342,,hoffmank@bessemer.com,4042914098,4042914098,,,,,,,,,,,,,,,Yes,,,,,,,,215,Chastain Preserve Lane,234,,,,4/25/2023,4/24/2027,,4/25/2023,,,,4/14/2025,,501617,Active,Single Family - Two Year - $90,2013168235,
234 CHASTAIN PRESERVE LN,,Atlanta,Georgia,30342,,234 CHASTAIN PRESERVE LN,,Atlanta,Georgia,30342,,,,,,,,,,,,,,,,,,,,,,,,,,,,,,,,,,,,,,,,,,,,,,2/4/2023,,Prospect,,,,,,,,Active,Prospect,,
236 CHASTAIN PRESERVE LN,,Atlanta,Georgia,30342,,236 CHASTAIN PRESERVE LN,,Atlanta,Georgia,30342,,,,,,,,,,,,,,,,,,,,,,,,,,,,,,,,,,,,,,,,,,,,,,2/4/2023,,Prospect,,,,,,,,Active,Prospect,,
2362 Kingsgate Ct,,Dunwoody,Georgia,30338,,2362 Kingsgate Ct,,Dunwoody,Georgia,30338,,Andrea Waters  Realtor Waters Andrea Waters  Realtor Waters,andrea.waters@harrynorman.com,andrea.waters@harrynorman.com,,Andrea Waters  Realtor,Waters,Andrea Waters  Realtor,,,,,,,,,,,,,,,,,,,,,,,,,,,,,,,,,,,,,,8/23/2020,,Prospect,,,,,,,,Active,Prospect,,andrea.waters@harrynorman.com
238 CHASTAIN PRESERVE LN,,Atlanta,Georgia,30342,,238 CHASTAIN PRESERVE LN,,Atlanta,Georgia,30342,,,,,,,,,,,,,,,,,,,,,,,,,,,,,,,,,,,,,,,,,,,,,,2/4/2023,,Prospect,,,,,,,,Active,Prospect,,
238 MIDVALE DR NE,,Atlanta,Georgia,30342,,238 MIDVALE DR NE,,Atlanta,Georgia,30342,,,,,,,,,,,,,,,,,,,,,,,,,,,,,,,,,,,,,,,,,,,,,,2/4/2023,,Prospect,,,,,,,,Active,Prospect,,
239 MIDVALE DR NE,,Atlanta,Georgia,30342,,239 MIDVALE DR NE,,Atlanta,Georgia,30342,,,,,,,,,,,,,,,,,,,,,,,,,,,,,,,,,,,,,,,,,,,,,,2/4/2023,,Prospect,,,,,,,,Active,Prospect,,
239 Old Ivy Rd,,Atlanta,Georgia,30342,,239 Old Ivy Rd,,Atlanta,Georgia,30342,,Bockel David & Jane Bockel,jcbockel@att.net,jcbockel@att.net,,David & Jane,Bockel,David & Jane Bockel,,,,,,,,,404-929-8092,,,,404-929-8092,,,,,,,,,,,,,,,,,,,,,,,,,1/17/2020,7/15/2017,Prospect,,,,,,,500988,Active,Prospect,,jcbockel@att.net
239 OLD IVY RD NE,,Atlanta,Georgia,30342,,239 OLD IVY RD NE,,Atlanta,Georgia,30342,,,,,,,,,,,,,,,,,,,,,,,,,,,,,,,,,,,,,,,,,,,,,,2/4/2023,,Prospect,,,,,,,,Active,Prospect,,
24 Ivy Chase,,Atlanta,Georgia,30342,,,,,,,,,catherine.pirtle@comcast.net,,,,,Roy & Suzanne Gordon,24 Ivy Chase,,Atlanta,Georgia,30342,,catherine.pirtle@comcast.net,,,,,,,,599,,8/31/2019,,1,,Roy & Suzanne Gordon,1438,,,FALSE,,,HOA=0058=Glenridge Place Home Owners Association,8/31/2019,12/31/2011,12-Nov,,Ivy Chase,24,,Condo-low,,1/17/2020,10/15/2023,,,,,,10/15/2022,,100417,Lapsed,Ivy Chase,2003543057,
24 Ivy Chase,,Atlanta,Georgia,30342,,24 Ivy Chase,,Atlanta,Georgia,30342,,Gordon,,,,Roy & Suzanne,Gordon,Roy & Suzanne Gordon,,,,,,,,,404-239-0186,,,,404-239-0186,,,,,,,,,,,,,,,,,,,,,,,,,1/17/2020,10/15/2023,Ivy Chase Contact,,Yes,,,10/15/2022,2003543057,500415,Lapsed,Ivy Chase Contact,,100417
"24 Ivy Chase, NE",,Atlanta,Georgia,30342,United States,"24 Ivy Chase, NE",,Atlanta,Georgia,30342,United States,Larry Block,larry@beyontheoutbox.com,larry@beyontheoutbox.com,,Larry,Block,Block,,,,,,,,,4047757982,,,,,,,,,,,,,,,,,,,,,,,,,,,,,2/22/2021,2/21/2023,Single Family Contact - Two Year,2/22/2021,Yes,2/22/2021,,,2007413842,501314,Lapsed,Single Family Contact - Two Year,,larry@beyontheoutbox.com
"24 Ivy Chase, NE",,Atlanta,Georgia,30342,United States,,,,,,,,larry@beyondtheoutbox.com,,,,,Block,"24 Ivy Chase, NE",,Atlanta,Georgia,30342,United States,larry@beyondtheoutbox.com,,,,,,,,,,,,,,,,,,,,,,,,,,,,,,,2/22/2021,2/21/2023,,2/22/2021,,,,,,501313,Lapsed,Single Family - Two Year - $90,2007413842,
"24 Ivy Chase, NE",,Atlanta,Georgia,30342,United States,"24 Ivy Chase, NE",,Atlanta,Georgia,30342,United States,Moira Block,larry@beyondtheoutbox.com,larry@beyondtheoutbox.com,,Moira,Block,Block,,,,,,,,,,,,,,,,,,,,,,,,,,,,,,,,,,,,,,2/22/2021,2/21/2023,Single Family Contact - Two Year,2/22/2021,,,,,2007413842,501315,Lapsed,Single Family Contact - Two Year,,
240 OLD IVY RD NE,,Atlanta,Georgia,30342,,240 OLD IVY RD NE,,Atlanta,Georgia,30342,,,,,,,,,,,,,,,,,,,,,,,,,,,,,,,,,,,,,,,,,,,,,,2/4/2023,,Prospect,,,,,,,,Active,Prospect,,
244 Midvale Dr,,Atlanta,Georgia,30342,,244 Midvale Dr,,Atlanta,Georgia,30342,,Jacquot John & Lara Jacquot,johnjacquot@gmail.com,johnjacquot@gmail.com,,John & Lara,Jacquot,John & Lara Jacquot,,,,,,,,,404-252--3375,,,,404-252--3375,,,,,,,,,,,,,,,,,,,,,,,,,1/17/2020,6/29/2018,Prospect,,,,,,,500844,Active,Prospect,,johnjacquot@gmail.com
244 MIDVALE DR NE,,Atlanta,Georgia,30342,,244 MIDVALE DR NE,,Atlanta,Georgia,30342,,,,,,,,,,,,,,,,,,,,,,,,,,,,,,,,,,,,,,,,,,,,,,2/4/2023,,Prospect,,,,,,,,Active,Prospect,,
245 Midvale Dr,,Atlanta,Georgia,30342,,245 Midvale Dr,,Atlanta,Georgia,30342,,Davis Beau Davis,beau.davis@compasswm.net,beau.davis@compasswm.net,,Beau,Davis,Beau Davis,,,,,,,,,,,,,,,,,,,,,,,,,,,,,,,,,,,,,,1/17/2020,9/6/2017,Prospect,,,,,,,500971,Active,Prospect,,beau.davis@compasswm.net
245 MIDVALE DR NE,,Atlanta,Georgia,30342,,245 MIDVALE DR NE,,Atlanta,Georgia,30342,,,,,,,,,,,,,,,,,,,,,,,,,,,,,,,,,,,,,,,,,,,,,,2/4/2023,,Prospect,,,,,,,,Active,Prospect,,
25 Ivy Chase,,Atlanta,Georgia,30342,,,,,,,,,wsansley@att.net,,,,,Wiley & Dona Ansley,25 Ivy Chase,,Atlanta,Georgia,30342,,wsansley@att.net,,,,,,,,600,,8/31/2019,,1,,Wiley & Dona Ansley,828,1998,,FALSE,,,HOA=0058=Glenridge Place Home Owners Association,8/31/2019,12/31/2011,12-Nov,,Ivy Chase,25,,Condo-low,,1/17/2020,10/15/2023,,,,,,10/15/2022,,100411,Lapsed,Ivy Chase,2003543037,
25 Ivy Chase,,Atlanta,Georgia,30342,,25 Ivy Chase,,Atlanta,Georgia,30342,,Ansley,dbansley@yahoo.com,dbansley@yahoo.com,,Wiley & Dona,Ansley,Wiley & Dona Ansley,,,,,,,,,404-231-0212,,,,404-231-0212,,,,,,,,,,,,,,,,,,,,,,,,,1/17/2020,10/15/2023,Ivy Chase Contact,,Yes,,,10/15/2022,2003543037,500409,Lapsed,Ivy Chase Contact,,100411
25 Ivy Trl,,Atlanta,Georgia,30342,,25 Ivy Trl,,Atlanta,Georgia,30342,,Williams Mary Williams,marywilliams84@bellsouth.net,marywilliams84@bellsouth.net,,Mary,Williams,Mary Williams,,,,,,,,,,,,,,,,,,,,,,,,,,,,,,,,,,,,,,1/17/2020,4/28/2018,Prospect,,,,,,,500857,Active,Prospect,,marywilliams84@bellsouth.net
251 LAND O'LAKES CT NE,,Atlanta,Georgia,30342,,251 LAND O'LAKES CT NE,,Atlanta,Georgia,30342,,,,,,,,,,,,,,,,,,,,,,,,,,,,,,,,,,,,,,,,,,,,,,2/4/2023,,Prospect,,,,,,,,Active,Prospect,,
252 MIDVALE DR NE,,Atlanta,Georgia,30342,,252 MIDVALE DR NE,,Atlanta,Georgia,30342,,,,,,,,,,,,,,,,,,,,,,,,,,,,,,,,,,,,,,,,,,,,,,2/4/2023,,Prospect,,,,,,,,Active,Prospect,,
253 MIDVALE DR NE,,Atlanta,Georgia,30342,,253 MIDVALE DR NE,,Atlanta,Georgia,30342,,,,,,,,,,,,,,,,,,,,,,,,,,,,,,,,,,,,,,,,,,,,,,2/4/2023,,Prospect,,,,,,,,Active,Prospect,,
254 Land O'Lakes Ct,,Atlanta,Georgia,30342,,254 Land O'Lakes Ct,,Atlanta,Georgia,30342,,Kristina Pentecost Kristina Pentecost,kpwritesthecheck@gmail.com,kpwritesthecheck@gmail.com,,Kristina,Pentecost,Kristina Pentecost,,,,,,,,,,,,,,,,,,,,,,,,,,,,,,,,,,,,,,8/23/2020,,Prospect,,,,,,,,Active,Prospect,,kpwritesthecheck@gmail.com
254 LAND O'LAKES CT NE,,Atlanta,Georgia,30342,,254 LAND O'LAKES CT NE,,Atlanta,Georgia,30342,,,,,,,,,,,,,,,,,,,,,,,,,,,,,,,,,,,,,,,,,,,,,,2/4/2023,,Prospect,,,,,,,,Active,Prospect,,
2555 Westside Parkway #600,#600,Alpharetta,Georgia,30004,,,,,,,,,,,,,,Homeside Properties Inc.,2555 Westside Parkway #600,#600,Alpharetta,Georgia,30004,,,,,,,,,,4715,,8/31/2019,2320,1,,Homeside Properties Inc.,2860,,,FALSE,,,other,8/31/2019,4/28/2018,17/18,,Westside Parkway,2555,,Condo-low,,1/17/2020,6/23/2026,,,,,,6/23/2025,,100442,Active,Courtesy,2003543139,
2555 Westside Parkway #600,#600,Alpharetta,Georgia,30004,,2555 Westside Parkway #600,#600,Alpharetta,Georgia,30004,,HOA=0058=Glenridge Place Home Owners Association,,,,Homeside Properties,HOA=0058=Glenridge Place Home Owners Association,Homeside Properties Inc.,,,,,,,,,,,,,,,,,,,,,,,,,,,,,,,,,,,,,,1/17/2020,6/23/2026,Courtesy Contact,,Yes,,,6/23/2025,2003543139,500440,Active,Courtesy Contact,,100442
258 MIDVALE DR NE,,Atlanta,Georgia,30342,,258 MIDVALE DR NE,,Atlanta,Georgia,30342,,,,,,,,,,,,,,,,,,,,,,,,,,,,,,,,,,,,,,,,,,,,,,2/4/2023,,Prospect,,,,,,,,Active,Prospect,,
258 W WIEUCA RD NE,,Atlanta,Georgia,30342,,258 W WIEUCA RD NE,,Atlanta,Georgia,30342,,,,,,,,,,,,,,,,,,,,,,,,,,,,,,,,,,,,,,,,108,,,,,,2/4/2023,,Prospect,,,,,,,,Active,Prospect,,
259 Land O'Lakes Ct,,Atlanta,Georgia,30342,,259 Land O'Lakes Ct,,Atlanta,Georgia,30342,,Mancuso Jennifer & Pat Mancuso,jenniferdarneille@hotmail.com,jenniferdarneille@hotmail.com,Patrick.mancuso@shredit.com,Jennifer & Pat,Mancuso,Jennifer & Pat Mancuso,,,,,,,,,,,,,,,,,,,,,,,,,,,,,,,,,,,,,,1/17/2020,9/9/2017,Prospect,,,,,,,500970,Active,Prospect,,jenniferdarneille@hotmail.com
259 LAND O'LAKES CT NE,,Atlanta,Georgia,30342,,259 LAND O'LAKES CT NE,,Atlanta,Georgia,30342,,,,,,,,,,,,,,,,,,,,,,,,,,,,,,,,,,,,,,,,,,,,,,2/4/2023,,Prospect,,,,,,,,Active,Prospect,,
259 MEADOWBROOK DR NE,,Atlanta,Georgia,30342,,259 MEADOWBROOK DR NE,,Atlanta,Georgia,30342,,,,,,,,,,,,,,,,,,,,,,,,,,,,,,,,,,,,,,,,110,,,,,,2/4/2023,,Prospect,,,,,,,,Active,Prospect,,
259 MIDVALE DR NE,,Atlanta,Georgia,30342,,259 MIDVALE DR NE,,Atlanta,Georgia,30342,,,,,,,,,,,,,,,,,,,,,,,,,,,,,,,,,,,,,,,,,,,,,,2/4/2023,,Prospect,,,,,,,,Active,Prospect,,
26 Ivy Chase,,Atlanta,Georgia,30342,,,,,,,,,hss_sb92@reagan.com,,,,,Joe & Ann Shreve,26 Ivy Chase,,Atlanta,Georgia,30342,,hss_sb92@reagan.com,,,,,,,,601,,8/31/2019,,1,,Joe & Ann Shreve,835,,,FALSE,,,HOA=0058=Glenridge Place Home Owners Association,8/31/2019,12/31/2011,12-Nov,,Ivy Chase,26,,Condo-low,,1/17/2020,10/15/2023,,,,,,10/15/2022,,100412,Lapsed,Ivy Chase,2003543041,
26 Ivy Chase,,Atlanta,Georgia,30342,,26 Ivy Chase,,Atlanta,Georgia,30342,,Shreve,,,,Joe & Ann,Shreve,Joe & Ann Shreve,,,,,,,,,404-261-0189,,,,404-261-0189,,,,,,,,,,,,,,,,,,,,,,,,,1/17/2020,10/15/2023,Ivy Chase Contact,,Yes,,,10/15/2022,2003543041,500410,Lapsed,Ivy Chase Contact,,100412
260 LAND O'LAKES CT NE,,Atlanta,Georgia,30342,,260 LAND O'LAKES CT NE,,Atlanta,Georgia,30342,,,,,,,,,,,,,,,,,,,,,,,,,,,,,,,,,,,,,,,,,,,,,,2/4/2023,,Prospect,,,,,,,,Active,Prospect,,
260 Peachtree St.,Suite1700,Atlanta,Georgia,30303,,260 Peachtree St.,Suite1700,Atlanta,Georgia,30303,,Annie Hirst,ahirst@amli.com,ahirst@amli.com,,Annie,Hirst,"Livable Buckhead, Inc.",,,,,,,,,404-991-4469,,,,,,,,,,,,,,,,,,,,,,,,,,,,,11/9/2020,6/23/2026,Courtesy Contact,11/6/2020,,,,6/23/2025,2006119465,501185,Active,Courtesy Contact,,ahirst@amli.com
264 Land O'Lakes Ct,,Atlanta,Georgia,30342,,264 Land O'Lakes Ct,,Atlanta,Georgia,30342,,Jackie Whitmore Jackie Whitmore,landolakes264@bellsouth.net,landolakes264@bellsouth.net,,Jackie,Whitmore,Jackie Whitmore,,,,,,,,,,,,,,,,,,,,,,,,,,,,,,,,,,,,,,8/23/2020,,Prospect,,,,,,,,Active,Prospect,,landolakes264@bellsouth.net
264 LAND O'LAKES CT NE,,Atlanta,Georgia,30342,,264 LAND O'LAKES CT NE,,Atlanta,Georgia,30342,,,,,,,,,,,,,,,,,,,,,,,,,,,,,,,,,,,,,,,,,,,,,,2/4/2023,,Prospect,,,,,,,,Active,Prospect,,
266 MIDVALE DR NE,,Atlanta,Georgia,30342,,266 MIDVALE DR NE,,Atlanta,Georgia,30342,,,,,,,,,,,,,,,,,,,,,,,,,,,,,,,,,,,,,,,,,,,,,,2/4/2023,,Prospect,,,,,,,,Active,Prospect,,
267 LAND O'LAKES CT NE,,Atlanta,Georgia,30342,,267 LAND O'LAKES CT NE,,Atlanta,Georgia,30342,,,,,,,,,,,,,,,,,,,,,,,,,,,,,,,,,,,,,,,,,,,,,,2/4/2023,,Prospect,,,,,,,,Active,Prospect,,
267 Meadowbrook,,Atlanta,Georgia,30342,,267 Meadowbrook,,Atlanta,Georgia,30342,,Latika Sigh,latikagoyal84@gmail.com,latikagoyal84@gmail.com,,Latika,Sigh,,,,,,,,,,352-870-4944,,352-870-4944,,,,,,,,,,,,,,,,,,,,,110,,,,,,7/28/2024,,Prospect,,,,,,,,Active,Prospect,,
267 MEADOWBROOK DR NE,,Atlanta,Georgia,30342,,267 MEADOWBROOK DR NE,,Atlanta,Georgia,30342,,Amar Singh,amar.singh@gmail.com,amar.singh@gmail.com,,Amar,Singh,,,,,,,,,,714-350-8369,,714-350-8369,,,,,,,,,,,,,,,,,,,,,110,,,,,,2/4/2023,,Prospect,,,,,,,,Active,Prospect,,
267 MIDVALE DR NE,,Atlanta,Georgia,30342,,267 MIDVALE DR NE,,Atlanta,Georgia,30342,,,,,,,,,,,,,,,,,,,,,,,,,,,,,,,,,,,,,,,,,,,,,,2/4/2023,,Prospect,,,,,,,,Active,Prospect,,
269 BUCKHEAD AVE NE,,Atlanta,Georgia,30305,,269 BUCKHEAD AVE NE,,Atlanta,Georgia,30305,,,,,,,,,,,,,,,,,,,,,,,,,,,,,,,,,,,,,,,,,,,,,,2/4/2023,,Prospect,,,,,,,,Active,Prospect,,
269 BUCKHEAD AVE NE,,Atlanta,Georgia,30305,,269 BUCKHEAD AVE NE,,Atlanta,Georgia,30305,,,,,,,,,,,,,,,,,,,,,,,,,,,,,,,,,,,,,,,,,,,,,,2/4/2023,,Prospect,,,,,,,,Active,Prospect,,
269 BUCKHEAD AVE NE,,Atlanta,Georgia,30305,,269 BUCKHEAD AVE NE,,Atlanta,Georgia,30305,,,,,,,,,,,,,,,,,,,,,,,,,,,,,,,,,,,,,,,,,,,,,,2/4/2023,,Prospect,,,,,,,,Active,Prospect,,
269 BUCKHEAD AVE NE,,Atlanta,Georgia,30305,,269 BUCKHEAD AVE NE,,Atlanta,Georgia,30305,,,,,,,,,,,,,,,,,,,,,,,,,,,,,,,,,,,,,,,,,,,,,,2/4/2023,,Prospect,,,,,,,,Active,Prospect,,
269 BUCKHEAD AVE NE,,Atlanta,Georgia,30305,,269 BUCKHEAD AVE NE,,Atlanta,Georgia,30305,,,,,,,,,,,,,,,,,,,,,,,,,,,,,,,,,,,,,,,,,,,,,,2/4/2023,,Prospect,,,,,,,,Active,Prospect,,
269 BUCKHEAD AVE NE,,Atlanta,Georgia,30305,,269 BUCKHEAD AVE NE,,Atlanta,Georgia,30305,,,,,,,,,,,,,,,,,,,,,,,,,,,,,,,,,,,,,,,,,,,,,,2/4/2023,,Prospect,,,,,,,,Active,Prospect,,
27 Ivy Chase,,Atlanta,Georgia,30342,,,,,,,,,jdarbybicknell@comcast.net,,,,,Judy & Jim Bicknell,27 Ivy Chase,,Atlanta,Georgia,30342,,jdarbybicknell@comcast.net,,,,,,,,602,,8/31/2019,,1,,Judy & Jim Bicknell,1787,,,FALSE,,,HOA=0058=Glenridge Place Home Owners Association,8/31/2019,12/31/2011,12-Nov,,Ivy Chase,27,,Condo-low,,1/17/2020,10/15/2023,,,,,,10/15/2022,,100427,Lapsed,Ivy Chase,2003543090,
27 Ivy Chase,,Atlanta,Georgia,30342,,27 Ivy Chase,,Atlanta,Georgia,30342,,Bicknell,,,,Judy & Jim,Bicknell,Judy & Jim Bicknell,,,,,,,,,404-261-9361,,,,404-261-9361,,,,,,,,,,,,,,,,,,,,,,,,,1/17/2020,10/15/2023,Ivy Chase Contact,,Yes,,,10/15/2022,2003543090,500425,Lapsed,Ivy Chase Contact,,100427
270 Pinecrest Rd,,Atlanta,Georgia,30342,,270 Pinecrest Rd,,Atlanta,Georgia,30342,,Doyle,doylegang6@gmail.com,doylegang6@gmail.com,,Carrie & Tim,Doyle,Carrie & Tim Doyle,,,,,,,,,404-514-3873,,404-514-3873,,404-256-2820,,,,,,,,,,,,,,,,,,,,Pinecrest Rd,,,B08,,1/17/2020,8/25/2022,Single Family Contact - One Year,,,11/15/2023,,8/25/2021,2006206977,501224,Lapsed,Single Family Contact - One Year,,100620
270 Pinecrest Rd,,Atlanta,Georgia,30342,,,,,,,,,doylegang6@gmail.com,,,,,Carrie & Tim Doyle,270 Pinecrest Rd,,Atlanta,Georgia,30342,,doylegang6@gmail.com,404-514-3873,404-514-3873,,,,,,,,,,,,,,,,,,,,,,,,,,,,,11/24/2020,8/25/2022,,,,,,8/25/2021,,501224,Lapsed,Single Family - One Year - $50,2006206977,
271-A LAKEMOORE DR NE,,Atlanta,Georgia,30342,,271-A LAKEMOORE DR NE,,Atlanta,Georgia,30342,,,,,,,,,,,,,,,,,,,,,,,,,,,,,,,,,,,,,,,,,,,,,,2/4/2023,,Prospect,,,,,,,,Active,Prospect,,
271-B LAKEMOORE DR NE,,Atlanta,Georgia,30342,,271-B LAKEMOORE DR NE,,Atlanta,Georgia,30342,,,,,,,,,,,,,,,,,,,,,,,,,,,,,,,,,,,,,,,,,,,,,,2/4/2023,,Prospect,,,,,,,,Active,Prospect,,
271-C LAKEMOORE DR NE,,Atlanta,Georgia,30342,,271-C LAKEMOORE DR NE,,Atlanta,Georgia,30342,,,,,,,,,,,,,,,,,,,,,,,,,,,,,,,,,,,,,,,,,,,,,,2/4/2023,,Prospect,,,,,,,,Active,Prospect,,
271-D LAKEMOORE DR NE,,Atlanta,Georgia,30342,,271-D LAKEMOORE DR NE,,Atlanta,Georgia,30342,,,,,,,,,,,,,,,,,,,,,,,,,,,,,,,,,,,,,,,,,,,,,,2/4/2023,,Prospect,,,,,,,,Active,Prospect,,
272 MIDVALE DR NE,,Atlanta,Georgia,30342,,272 MIDVALE DR NE,,Atlanta,Georgia,30342,,,,,,,,,,,,,,,,,,,,,,,,,,,,,,,,,,,,,,,,,,,,,,2/4/2023,,Prospect,,,,,,,,Active,Prospect,,
273 MEADOWBROOK DR NE,,Atlanta,Georgia,30342,,273 MEADOWBROOK DR NE,,Atlanta,Georgia,30342,,Lydia Corbett,lydiajosephs81@gmail.com,lydiajosephs81@gmail.com,,Lydia,Corbett,,,,,,,,,,773-469-6924,,773-469-6924,,,,,,,,,,,,,,,,,,,,,110,,,,,,2/4/2023,,Prospect,,,,,,,,Active,Prospect,,
273 MIDVALE DR NE,,Atlanta,Georgia,30342,,273 MIDVALE DR NE,,Atlanta,Georgia,30342,,,,,,,,,,,,,,,,,,,,,,,,,,,,,,,,,,,,,,,,,,,,,,2/4/2023,,Prospect,,,,,,,,Active,Prospect,,
273 Midvale Dr NE,,Atlanta,Georgia,30342,United States,273 Midvale Dr NE,,Atlanta,Georgia,30342,United States,Drew Franklin,andrewcfranklin@gmail.com,andrewcfranklin@gmail.com,,Drew,Franklin,Franklin,,,,,,,,,7705958455,,,,,,,,,,,,,,,,,,,,,,,,,,,,,10/7/2023,8/27/2025,Single Family Contact - One Year,8/28/2024,Yes,8/28/2024,,,2016005767,501802,Lapsed,Single Family Contact - One Year,,andrewcfranklin@gmail.com
273 Midvale Dr NE,,Atlanta,Georgia,30342,United States,,,,,,,,andrewcfranklin@gmail.com,,,,,Franklin,273 Midvale Dr NE,,Atlanta,Georgia,30342,United States,andrewcfranklin@gmail.com,,,,,,,,,,,,,,,,,,,,,,,,,,,,,,,8/28/2024,8/27/2025,,8/28/2024,,,,,,501801,Lapsed,Single Family - One Year - $50,2016005767,
274 LAND O'LAKES CT NE,,Atlanta,Georgia,30342,,274 LAND O'LAKES CT NE,,Atlanta,Georgia,30342,,,,,,,,,,,,,,,,,,,,,,,,,,,,,,,,,,,,,,,,,,,,,,2/4/2023,,Prospect,,,,,,,,Active,Prospect,,
275-A Lakemoore Dr,,Atlanta,Georgia,30342,,275-A Lakemoore Dr,,Atlanta,Georgia,30342,,Jeffrey & Sheri Henry Jeffrey & Sheri Henry,techreck@gmail.com,techreck@gmail.com,,Jeffrey & Sheri,Henry,Jeffrey & Sheri Henry,,,,,,,,,,,,,,,,,,,,,,,,,,,,,,,,,,,,,,8/23/2020,,Prospect,,,,,,,,Active,Prospect,,techreck@gmail.com
275-A LAKEMOORE DR NE,,Atlanta,Georgia,30342,,275-A LAKEMOORE DR NE,,Atlanta,Georgia,30342,,,,,,,,,,,,,,,,,,,,,,,,,,,,,,,,,,,,,,,,,,,,,,2/4/2023,,Prospect,,,,,,,,Active,Prospect,,
275-B LAKEMOORE DR NE,,Atlanta,Georgia,30342,,275-B LAKEMOORE DR NE,,Atlanta,Georgia,30342,,,,,,,,,,,,,,,,,,,,,,,,,,,,,,,,,,,,,,,,,,,,,,2/4/2023,,Prospect,,,,,,,,Active,Prospect,,
275-C LAKEMOORE DR NE,,Atlanta,Georgia,30342,,275-C LAKEMOORE DR NE,,Atlanta,Georgia,30342,,,,,,,,,,,,,,,,,,,,,,,,,,,,,,,,,,,,,,,,,,,,,,2/4/2023,,Prospect,,,,,,,,Active,Prospect,,
275-D LAKEMOORE DR NE,,Atlanta,Georgia,30342,,275-D LAKEMOORE DR NE,,Atlanta,Georgia,30342,,,,,,,,,,,,,,,,,,,,,,,,,,,,,,,,,,,,,,,,,,,,,,2/4/2023,,Prospect,,,,,,,,Active,Prospect,,
276-A LAKEMOORE DR NE,,Atlanta,Georgia,30342,,276-A LAKEMOORE DR NE,,Atlanta,Georgia,30342,,,,,,,,,,,,,,,,,,,,,,,,,,,,,,,,,,,,,,,,,,,,,,2/4/2023,,Prospect,,,,,,,,Active,Prospect,,
276-B LAKEMOORE DR NE,,Atlanta,Georgia,30342,,276-B LAKEMOORE DR NE,,Atlanta,Georgia,30342,,,,,,,,,,,,,,,,,,,,,,,,,,,,,,,,,,,,,,,,,,,,,,2/4/2023,,Prospect,,,,,,,,Active,Prospect,,
276-C LAKEMOORE DR NE,,Atlanta,Georgia,30342,,276-C LAKEMOORE DR NE,,Atlanta,Georgia,30342,,,,,,,,,,,,,,,,,,,,,,,,,,,,,,,,,,,,,,,,,,,,,,2/4/2023,,Prospect,,,,,,,,Active,Prospect,,
276-D LAKEMOORE DR NE,,Atlanta,Georgia,30342,,276-D LAKEMOORE DR NE,,Atlanta,Georgia,30342,,,,,,,,,,,,,,,,,,,,,,,,,,,,,,,,,,,,,,,,,,,,,,2/4/2023,,Prospect,,,,,,,,Active,Prospect,,
276-E LAKEMOORE DR NE,,Atlanta,Georgia,30342,,276-E LAKEMOORE DR NE,,Atlanta,Georgia,30342,,,,,,,,,,,,,,,,,,,,,,,,,,,,,,,,,,,,,,,,,,,,,,2/4/2023,,Prospect,,,,,,,,Active,Prospect,,
276-F LAKEMOORE DR NE,,Atlanta,Georgia,30342,,276-F LAKEMOORE DR NE,,Atlanta,Georgia,30342,,,,,,,,,,,,,,,,,,,,,,,,,,,,,,,,,,,,,,,,,,,,,,2/4/2023,,Prospect,,,,,,,,Active,Prospect,,
278 MIDVALE DR NE,,Atlanta,Georgia,30342,,278 MIDVALE DR NE,,Atlanta,Georgia,30342,,,,,,,,,,,,,,,,,,,,,,,,,,,,,,,,,,,,,,,,,,,,,,2/4/2023,,Prospect,,,,,,,,Active,Prospect,,
279 LAND O'LAKES CT NE,,Atlanta,Georgia,30342,,279 LAND O'LAKES CT NE,,Atlanta,Georgia,30342,,,,,,,,,,,,,,,,,,,,,,,,,,,,,,,,,,,,,,,,,,,,,,2/4/2023,,Prospect,,,,,,,,Active,Prospect,,
279 MIDVALE DR NE,,Atlanta,Georgia,30342,,279 MIDVALE DR NE,,Atlanta,Georgia,30342,,,,,,,,,,,,,,,,,,,,,,,,,,,,,,,,,,,,,,,,,,,,,,2/4/2023,,Prospect,,,,,,,,Active,Prospect,,
28 Ivy Chase,,Atlanta,Georgia,30342,,,,,,,,,,,,,,Norine McCahey,28 Ivy Chase,,Atlanta,Georgia,30342,,,,,,,,,,603,,8/31/2019,,1,,Norine McCahey,1795,,,FALSE,,,HOA=0058=Glenridge Place Home Owners Association,8/31/2019,12/31/2011,12-Nov,,Ivy Chase,28,,Condo-low,,1/17/2020,10/15/2023,,,,,,10/15/2022,,100431,Lapsed,Ivy Chase,2003543103,
28 Ivy Chase,,Atlanta,Georgia,30342,,28 Ivy Chase,,Atlanta,Georgia,30342,,McCahey,,,,Norine,McCahey,Norine McCahey,,,,,,,,,404-237-7091,,,,404-237-7091,,,,,,,,,,,,,,,,,,,,,,,,,1/17/2020,10/15/2023,Ivy Chase Contact,,Yes,,,10/15/2022,2003543103,500429,Lapsed,Ivy Chase Contact,,100431
280 Old Ivy Rd,,Atlanta,Georgia,30342,,,,,,,,,,,,,,Lynne & Graham Cherrington,280 Old Ivy Rd,,Atlanta,Georgia,30342,,,,,,,,,,1600,,11/5/2019,90,2,,Lynne & Graham Cherrington,3072,,F&,FALSE,,,env2,11/9/2019,1/17/2020,20/21,,Old Ivy Rd,280,,R3,,1/17/2020,11/9/2021,,,,,,11/9/2019,,100117,Lapsed,Single Family - Two Year - $90,2003542297,
280 Old Ivy Rd,,Atlanta,Georgia,30342,,280 Old Ivy Rd,,Atlanta,Georgia,30342,,Cherrington,,,,Lynne & Graham,Cherrington,Lynne & Graham Cherrington,,,,,,,,,404-431-3045,,,,404-431-3045,,,,,,,,,,,,,,,,,,,,Old Ivy Rd,,,B32,,1/17/2020,11/9/2021,Single Family Contact - Two Year,,Yes,,,11/9/2019,2003542297,100117,Lapsed,Single Family Contact - Two Year,,100117
280 Pinecrest Rd,,Atlanta,Georgia,30342,,280 Pinecrest Rd,,Atlanta,Georgia,30342,,Bob & Anisa Threlkeld Bob & Anisa Threlkeld,bobthrelkeld@gmail.com,bobthrelkeld@gmail.com,janeandjt@bellsouth.net,Bob & Anisa,Threlkeld,Bob & Anisa Threlkeld,,,,,,,,,404-931-1663,,404-931-1663,,,,,,,,,,,,,,,,,,,,,,,,,,,8/23/2020,,Prospect,,,,,,,,Active,Prospect,,bobthrelkeld@gmail.com
281 MEADOWBROOK DR NE,,Atlanta,Georgia,30342,,281 MEADOWBROOK DR NE,,Atlanta,Georgia,30342,,,,,,,,,,,,,,,,,,,,,,,,,,,,,,,,,,,,,,,,110,,,,,,2/4/2023,,Prospect,,,,,,,,Active,Prospect,,
284-A LAKEMOORE DR NE,,Atlanta,Georgia,30342,,284-A LAKEMOORE DR NE,,Atlanta,Georgia,30342,,,,,,,,,,,,,,,,,,,,,,,,,,,,,,,,,,,,,,,,,,,,,,2/4/2023,,Prospect,,,,,,,,Active,Prospect,,
284-B LAKEMOORE DR NE,,Atlanta,Georgia,30342,,284-B LAKEMOORE DR NE,,Atlanta,Georgia,30342,,,,,,,,,,,,,,,,,,,,,,,,,,,,,,,,,,,,,,,,,,,,,,2/4/2023,,Prospect,,,,,,,,Active,Prospect,,
284-C LAKEMOORE DR NE,,Atlanta,Georgia,30342,,284-C LAKEMOORE DR NE,,Atlanta,Georgia,30342,,,,,,,,,,,,,,,,,,,,,,,,,,,,,,,,,,,,,,,,,,,,,,2/4/2023,,Prospect,,,,,,,,Active,Prospect,,
284-D LAKEMOORE DR NE,,Atlanta,Georgia,30342,,284-D LAKEMOORE DR NE,,Atlanta,Georgia,30342,,,,,,,,,,,,,,,,,,,,,,,,,,,,,,,,,,,,,,,,,,,,,,2/4/2023,,Prospect,,,,,,,,Active,Prospect,,
284-E LAKEMOORE DR NE,,Atlanta,Georgia,30342,,284-E LAKEMOORE DR NE,,Atlanta,Georgia,30342,,,,,,,,,,,,,,,,,,,,,,,,,,,,,,,,,,,,,,,,,,,,,,2/4/2023,,Prospect,,,,,,,,Active,Prospect,,
284-F LAKEMOORE DR NE,,Atlanta,Georgia,30342,,284-F LAKEMOORE DR NE,,Atlanta,Georgia,30342,,,,,,,,,,,,,,,,,,,,,,,,,,,,,,,,,,,,,,,,,,,,,,2/4/2023,,Prospect,,,,,,,,Active,Prospect,,
285-A LAKEMOORE DR NE,,Atlanta,Georgia,30342,,285-A LAKEMOORE DR NE,,Atlanta,Georgia,30342,,,,,,,,,,,,,,,,,,,,,,,,,,,,,,,,,,,,,,,,,,,,,,2/4/2023,,Prospect,,,,,,,,Active,Prospect,,
285-B LAKEMOORE DR NE,,Atlanta,Georgia,30342,,285-B LAKEMOORE DR NE,,Atlanta,Georgia,30342,,,,,,,,,,,,,,,,,,,,,,,,,,,,,,,,,,,,,,,,,,,,,,2/4/2023,,Prospect,,,,,,,,Active,Prospect,,
285-C LAKEMOORE DR NE,,Atlanta,Georgia,30342,,285-C LAKEMOORE DR NE,,Atlanta,Georgia,30342,,,,,,,,,,,,,,,,,,,,,,,,,,,,,,,,,,,,,,,,,,,,,,2/4/2023,,Prospect,,,,,,,,Active,Prospect,,
285-D LAKEMOORE DR NE,,Atlanta,Georgia,30342,,285-D LAKEMOORE DR NE,,Atlanta,Georgia,30342,,,,,,,,,,,,,,,,,,,,,,,,,,,,,,,,,,,,,,,,,,,,,,2/4/2023,,Prospect,,,,,,,,Active,Prospect,,
286 Land O'Lakes Ct,,Atlanta,Georgia,30342,,286 Land O'Lakes Ct,,Atlanta,Georgia,30342,,Holly & Lance Walman Holly & Lance Walman,lwalman@medsupplypartners.com,lwalman@medsupplypartners.com,hwalman@gmail.com,Holly & Lance,Walman,Holly & Lance Walman,,,,,,,,,404-271-5744,,404-271-5744,,,,,,,,,,,,,,,,,,,,,,,,,,,8/23/2020,,Prospect,,,,,,,,Active,Prospect,,lwalman@medsupplypartners.com
286 LAND O'LAKES CT NE,,Atlanta,Georgia,30342,,286 LAND O'LAKES CT NE,,Atlanta,Georgia,30342,,,,,,,,,,,,,,,,,,,,,,,,,,,,,,,,,,,,,,,,,,,,,,2/4/2023,,Prospect,,,,,,,,Active,Prospect,,
286 Midvale Dr,,Atlanta,Georgia,30342,,286 Midvale Dr,,Atlanta,Georgia,30342,,J.W. Hass J.W. Hass,jwhass308@aol.com,jwhass308@aol.com,,J.W.,Hass,J W Hass,,,,,,,,,,,,,,,,,,,,,,,,,,,,,,,,,,,,,,8/23/2020,,Prospect,,,,,,,,Active,Prospect,,jwhass308@aol.com
286 MIDVALE DR NE,,Atlanta,Georgia,30342,,286 MIDVALE DR NE,,Atlanta,Georgia,30342,,,,,,,,,,,,,,,,,,,,,,,,,,,,,,,,,,,,,,,,,,,,,,2/4/2023,,Prospect,,,,,,,,Active,Prospect,,
2865 Lenox Road #301,,Atlanta,Georgia,30324,United States,2865 Lenox Road #301,,Atlanta,Georgia,30324,United States,Cary Cox & David Hart Cox/Hart,cary.lynn.cox@gmail.com,cary.lynn.cox@gmail.com,,Cary Cox & David Hart,Cox/Hart,Cary Cox & David Hart,,,,,,,,,,,,,,,,,,,,,,,,,,,,,,,,,Lenox Road #301,,,,,8/23/2020,9/3/2022,Single Family Contact - One Year,9/3/2020,,,,9/3/2021,2005831515,501077,Lapsed,Single Family Contact - One Year,,
2865 Lenox Road #301,,Atlanta,Georgia,30324,,,,,,,,,cary.lynn.cox@gmail.com,,,,,Cary Cox & David Hart,2865 Lenox Road #301,,Atlanta,Georgia,30324,,cary.lynn.cox@gmail.com,,,,,,,,,,,,,,,,,,,,,,,,,,,,,,,9/29/2020,9/3/2022,,9/3/2020,,,,9/3/2021,,501077,Lapsed,Single Family - One Year - $50,2005831515,
2868 Habersham Rd,,Atlanta,Georgia,30305,,2868 Habersham Rd,,Atlanta,Georgia,30305,,Christine McCauley Christine McCauley,chrstnmckay@comcast.net,chrstnmckay@comcast.net,,Christine,McCauley,Christine McCauley,,,,,,,,,,,,,,,,,,,,,,,,,,,,,,,,,,,,,,8/23/2020,,Prospect,,,,,,,,Active,Prospect,,chrstnmckay@comcast.net
287 MIDVALE DR NE,,Atlanta,Georgia,30342,,287 MIDVALE DR NE,,Atlanta,Georgia,30342,,,,,,,,,,,,,,,,,,,,,,,,,,,,,,,,,,,,,,,,,,,,,,2/4/2023,,Prospect,,,,,,,,Active,Prospect,,
289 Meadowbrook Dr,,Atlanta,Georgia,30342,,289 Meadowbrook Dr,,Atlanta,Georgia,30342,,Christina Lockwood Christina Lockwood,christina@lockwood.net,christina@lockwood.net,,Christina,Lockwood,Christina Lockwood,,,,,,,,,,,,,,,,,,,,,,,,,,,,,,,,110,,,,,,8/23/2020,,Prospect,,,,,,,,Active,Prospect,,christina@lockwood.net
289 MEADOWBROOK DR NE,,Atlanta,Georgia,30342,,289 MEADOWBROOK DR NE,,Atlanta,Georgia,30342,,,,,,,,,,,,,,,,,,,,,,,,,,,,,,,,,,,,,,,,110,,,,,,2/4/2023,,Prospect,,,,,,,,Active,Prospect,,
29 Ivy Chase,,Atlanta,Georgia,30342,,,,,,,,,jenniewoodlee@gmail.com,,,,,Jennie Woodlee,29 Ivy Chase,,Atlanta,Georgia,30342,,jenniewoodlee@gmail.com,,,,,,,,604,,8/31/2019,,1,,Jennie Woodlee,1361,,,FALSE,,,HOA=0058=Glenridge Place Home Owners Association,8/31/2019,12/31/2011,12-Nov,,Ivy Chase,29,,Condo-low,,1/17/2020,10/15/2023,,,,,,10/15/2022,,100416,Lapsed,Ivy Chase,2003543054,
29 Ivy Chase,,Atlanta,Georgia,30342,,29 Ivy Chase,,Atlanta,Georgia,30342,,Woodlee,jenniewoodlee@gmail.com,jenniewoodlee@gmail.com,,Jennie,Woodlee,Jennie Woodlee,,,,,,,,,404-848-0053,,,,404-848-0053,,,,,,,,,,,,,,,,,,,,,,,,,1/17/2020,10/15/2023,Ivy Chase Contact,,Yes,,,10/15/2022,2003543054,500414,Lapsed,Ivy Chase Contact,,100416
290 PINECREST RD NE,,Atlanta,Georgia,30342,,290 PINECREST RD NE,,Atlanta,Georgia,30342,,,,,,,,,,,,,,,,,,,,,,,,,,,,,,,,,,,,,,,,,,,,,,2/4/2023,,Prospect,,,,,,,,Active,Prospect,,
290 Pinecrest RD NE,,Atlanta,Georgia,30342,United States,290 Pinecrest RD NE,,Atlanta,Georgia,30342,United States,Danielle Brenner,dlearnbrenner@gmail.com,dlearnbrenner@gmail.com,,Danielle,Brenner,Jay and Danielle Brenner,,,,,,,,,4049083359,,,,,,,,,,,,,,,,,,,,,,,,,,,,,9/21/2024,9/20/2025,Single Family Contact - One Year,9/20/2024,Yes,9/21/2024,,,2016176245,501807,Lapsed,Single Family Contact - One Year,,dlearnbrenner@gmail.com
290 Pinecrest RD NE,,Atlanta,Georgia,30342,United States,,,,,,,,dlearnbrenner@gmail.com,,,,,Jay and Danielle Brenner,290 Pinecrest RD NE,,Atlanta,Georgia,30342,United States,dlearnbrenner@gmail.com,,,,,,,,,,,,,,,,,,,,,,,,,,,,,,,9/21/2024,9/20/2025,,9/20/2024,,,,,,501806,Lapsed,Single Family - One Year - $50,2016176245,
290 Pinecrest RD NE,,Atlanta,Georgia,30342,United States,290 Pinecrest RD NE,,Atlanta,Georgia,30342,United States,Jay Brenner,jrbrenner20@gmail.com,jrbrenner20@gmail.com,,Jay,Brenner,Jay and Danielle Brenner,,,,,,,,,5405373089,,,,,,,,,,,,,,,,,,,,,,,,,,,,,9/21/2024,9/20/2025,Single Family Contact - One Year,9/20/2024,,,,,2016176245,501808,Lapsed,Single Family Contact - One Year,,
290-A LAKEMOORE DR NE,,Atlanta,Georgia,30342,,290-A LAKEMOORE DR NE,,Atlanta,Georgia,30342,,,,,,,,,,,,,,,,,,,,,,,,,,,,,,,,,,,,,,,,,,,,,,2/4/2023,,Prospect,,,,,,,,Active,Prospect,,
290-B LAKEMOORE DR NE,,Atlanta,Georgia,30342,,290-B LAKEMOORE DR NE,,Atlanta,Georgia,30342,,,,,,,,,,,,,,,,,,,,,,,,,,,,,,,,,,,,,,,,,,,,,,2/4/2023,,Prospect,,,,,,,,Active,Prospect,,
290-C LAKEMOORE DR NE,,Atlanta,Georgia,30342,,290-C LAKEMOORE DR NE,,Atlanta,Georgia,30342,,,,,,,,,,,,,,,,,,,,,,,,,,,,,,,,,,,,,,,,,,,,,,2/4/2023,,Prospect,,,,,,,,Active,Prospect,,
290-D LAKEMOORE DR NE,,Atlanta,Georgia,30342,,290-D LAKEMOORE DR NE,,Atlanta,Georgia,30342,,,,,,,,,,,,,,,,,,,,,,,,,,,,,,,,,,,,,,,,,,,,,,2/4/2023,,Prospect,,,,,,,,Active,Prospect,,
2911 Piedmont Rd,,Atlanta,Georgia,30305,,2911 Piedmont Rd,,Atlanta,Georgia,30305,,Remarkable Marc Remarkable,marc.realestate@gmail.com,marc.realestate@gmail.com,remarkable@kw.com,Marc,Remarkable,Marc Nicholson/Remarkable Real Estate Services,,,,,,,,,404-861-6272,,404-861-6272,404-969-1555,404-233-6272,,,,,,,,,,,,,,,,,,,,,,,,,1/17/2020,5/24/2020,Prospect,,,,,,,500504,Active,Prospect,,marc.realestate@gmail.com
292 Midvale Dr,,Atlanta,Georgia,30342,,292 Midvale Dr,,Atlanta,Georgia,30342,,Allison Mee / Chris LaFon Mee/LaFon Allison Mee / Chris LaFon Mee/LaFon,allisonmee@gmail.com,allisonmee@gmail.com,clafon257@gmail.com,Allison Mee / Chris LaFon,Mee/LaFon,Allison Mee / Chris LaFon,,,,,,,,,205-999-6832,,205-999-6832,,,,,,,,,,,,,,,,,,,,,,,,,,,8/23/2020,,Prospect,,,,,,,,Active,Prospect,,allisonmee@gmail.com
292 MIDVALE DR NE,,Atlanta,Georgia,30342,,292 MIDVALE DR NE,,Atlanta,Georgia,30342,,,,,,,,,,,,,,,,,,,,,,,,,,,,,,,,,,,,,,,,,,,,,,2/4/2023,,Prospect,,,,,,,,Active,Prospect,,
295 MEADOWBROOK DR NE,,Atlanta,Georgia,30342,,295 MEADOWBROOK DR NE,,Atlanta,Georgia,30342,,Cissy Zelickson,czelickson@gmail.com,czelickson@gmail.com,,Cissy,Zelickson,,,,,,,,,,404-668-7155,,404-668-7155,,,,,,,,,,,,,,,,,,,,,110,,,,,,2/4/2023,,Prospect,,,,,,,,Active,Prospect,,
295 MIDVALE DR NE,,Atlanta,Georgia,30342,,295 MIDVALE DR NE,,Atlanta,Georgia,30342,,,,,,,,,,,,,,,,,,,,,,,,,,,,,,,,,,,,,,,,,,,,,,2/4/2023,,Prospect,,,,,,,,Active,Prospect,,
295 W WIEUCA RD,,Atlanta,Georgia,30342,,295 W WIEUCA RD,,Atlanta,Georgia,30342,,,,,,,,,,,,,,,,,,,,,,,,,,,,,,,,,,,,,,,,108,,,,,,2/4/2023,,Prospect,,,,,,,,Active,Prospect,,
295-A LAKEMOORE DR NE,,Atlanta,Georgia,30342,,295-A LAKEMOORE DR NE,,Atlanta,Georgia,30342,,,,,,,,,,,,,,,,,,,,,,,,,,,,,,,,,,,,,,,,,,,,,,2/4/2023,,Prospect,,,,,,,,Active,Prospect,,
295-B LAKEMOORE DR NE,,Atlanta,Georgia,30342,,295-B LAKEMOORE DR NE,,Atlanta,Georgia,30342,,,,,,,,,,,,,,,,,,,,,,,,,,,,,,,,,,,,,,,,,,,,,,2/4/2023,,Prospect,,,,,,,,Active,Prospect,,
295-C LAKEMOORE DR NE,,Atlanta,Georgia,30342,,295-C LAKEMOORE DR NE,,Atlanta,Georgia,30342,,,,,,,,,,,,,,,,,,,,,,,,,,,,,,,,,,,,,,,,,,,,,,2/4/2023,,Prospect,,,,,,,,Active,Prospect,,
295-D LAKEMOORE DR NE,,Atlanta,Georgia,30342,,295-D LAKEMOORE DR NE,,Atlanta,Georgia,30342,,,,,,,,,,,,,,,,,,,,,,,,,,,,,,,,,,,,,,,,,,,,,,2/4/2023,,Prospect,,,,,,,,Active,Prospect,,
295-E LAKEMOORE DR NE,,Atlanta,Georgia,30342,,295-E LAKEMOORE DR NE,,Atlanta,Georgia,30342,,,,,,,,,,,,,,,,,,,,,,,,,,,,,,,,,,,,,,,,,,,,,,2/4/2023,,Prospect,,,,,,,,Active,Prospect,,
295-F LAKEMOORE DR NE,,Atlanta,Georgia,30342,,295-F LAKEMOORE DR NE,,Atlanta,Georgia,30342,,,,,,,,,,,,,,,,,,,,,,,,,,,,,,,,,,,,,,,,,,,,,,2/4/2023,,Prospect,,,,,,,,Active,Prospect,,
297 Land O Lakes Ct,,Atlanta,Georgia,30342,,297 Land O Lakes Ct,,Atlanta,Georgia,30342,,Dinesh Patel,dpatel@gicareforkids.com,dpatel@gicareforkids.com,,Dinesh,Patel,Dinesh Patel,,,,,,,,,4042751962,,4042751962,,,,,,,,,,,,,Yes,,,,,,,,219,,,,,,1/17/2020,4/15/2020,Prospect,,,,,,,500522,Active,Prospect,,dpatels@yahoo.com
297 LAND O'LAKES CT NE,,Atlanta,Georgia,30342,,297 LAND O'LAKES CT NE,,Atlanta,Georgia,30342,,,,,,,,,,,,,,,,,,,,,,,,,,,,,,,,,,,,,,,,,,,,,,2/4/2023,,Prospect,,,,,,,,Active,Prospect,,
297 PINECREST RD NE,,Atlanta,Georgia,30342,,297 PINECREST RD NE,,Atlanta,Georgia,30342,,,,,,,,,,,,,,,,,,,,,,,,,,,,,,,,,,,,,,,,,,,,,,2/4/2023,,Prospect,,,,,,,,Active,Prospect,,
298 LAKEMOORE DR NE,,Atlanta,Georgia,30342,,298 LAKEMOORE DR NE,,Atlanta,Georgia,30342,,,,,,,,,,,,,,,,,,,,,,,,,,,,,,,,,,,,,,,,,,,,,,2/4/2023,,Prospect,,,,,,,,Active,Prospect,,
298 MIDVALE DR NE,,Atlanta,Georgia,30342,,298 MIDVALE DR NE,,Atlanta,Georgia,30342,,,,,,,,,,,,,,,,,,,,,,,,,,,,,,,,,,,,,,,,,,,,,,2/4/2023,,Prospect,,,,,,,,Active,Prospect,,
3 Emma Ln,,Atlanta,Georgia,30342,,,,,,,,,info@williamwordantiques.com,,,,,Bill & Nettie Word,3 Emma Ln,,Atlanta,Georgia,30342,,info@williamwordantiques.com,,,,,,,,248,,8/24/2017,100,2,## Constant Content remove wmwordantiques@mindspring.com,Bill & Nettie Word,357,1944,,FALSE,,,env2,8/28/2017,1/29/2019,19/20,,Emma Ln,3,,R3,,1/17/2020,4/25/2026,,,,,,4/25/2024,,100560,Active,Single Family - Two Year - $90,2003543541,
3 Emma Ln,,Atlanta,Georgia,30342,,3 Emma Ln,,Atlanta,Georgia,30342,,Word,doesnotwantemails@yahoo.com,doesnotwantemails@yahoo.com,,Bill & Nettie,WORD,Bill & Nettie Word,,,,,,,,,404-233-6890,,,404-233-6890,404-542-4822,,,,,,,,,,,,,,,,,,,,Emma Ln,,,B11,,1/17/2020,4/25/2026,Single Family Contact - Two Year,,Yes,,,4/25/2024,2003543541,100560,Active,Single Family Contact - Two Year,,100560
3 Ivy Chase,,Atlanta,Georgia,30342,,,,,,,,,bradjh1@yahoo.com,,,,,Brad & Cynthia Hammond,3 Ivy Chase,,Atlanta,Georgia,30342,,bradjh1@yahoo.com,,,,,,,,578,,8/31/2019,,1,,Brad & Cynthia Hammond,1783,,,FALSE,,,HOA=0058=Glenridge Place Home Owners Association,8/31/2019,12/31/2011,12-Nov,,Ivy Chase,3,,Condo-low,,1/17/2020,10/15/2023,,,,,,10/15/2022,,100423,Lapsed,Ivy Chase,2003543077,
3 Ivy Chase,,Atlanta,Georgia,30342,,3 Ivy Chase,,Atlanta,Georgia,30342,,Hammond,bradjh1@yahoo.com,bradjh1@yahoo.com,,Brad & Cynthia,Hammond,Brad & Cynthia Hammond,,,,,,,,,404-261-2474,,,,404-261-2474,,,,,,,,,,,,,,,,,,,,,,,,,1/17/2020,10/15/2023,Ivy Chase Contact,,Yes,,,10/15/2022,2003543077,500421,Lapsed,Ivy Chase Contact,,100423
30 Conifer Park Ln,,Atlanta,Georgia,30342,,30 Conifer Park Ln,,Atlanta,Georgia,30342,,Sumner Jeannie Sumner,jeanniesumner@yahoo.com,jeanniesumner@yahoo.com,,Jeannie,Sumner,Jeannie Sumner,,,,,,,,,,,,,,,,,,,,,,,,,,,,,,,,,,,,,,1/17/2020,10/2/2019,Prospect,,,,,,,500673,Active,Prospect,,jeanniesumner@yahoo.com
30 Ivy Chase,,Atlanta,Georgia,30342,,,,,,,,,capppy1@aol.com,,,,,Leo Rainey & Irene Carpenter,30 Ivy Chase,,Atlanta,Georgia,30342,,capppy1@aol.com,,,,,,,,605,,8/31/2019,,1,#7/28/10 -> Capppy1@aol.com,Leo Rainey & Irene Carpenter,508,,,FALSE,,,HOA=0058=Glenridge Place Home Owners Association,8/31/2019,12/31/2011,12-Nov,,Ivy Chase,30,,Condo-low,,1/17/2020,10/15/2023,,,,,,10/15/2022,,100404,Lapsed,Ivy Chase,2003543014,
30 Ivy Chase,,Atlanta,Georgia,30342,,30 Ivy Chase,,Atlanta,Georgia,30342,,RAINEY,capppy1@aol.com,capppy1@aol.com,,Leo & Irene,RAINEY,Leo Rainey & Irene Carpenter,,,,,,,,,404-816-5397,,,,404-816-5397,,,,,,,,,,,,,,,,,,,,,,,,,1/17/2020,10/15/2023,Ivy Chase Contact,,Yes,,,10/15/2022,2003543014,500402,Lapsed,Ivy Chase Contact,,100404
30 Ivy Pkwy,,Atlanta,Georgia,30342,,30 Ivy Pkwy,,Atlanta,Georgia,30342,,Mary Pulling,mmpulling@gmail.com,mmpulling@gmail.com,,Mary,Pulling,Mary M. Pulling,,,,,,,,,,,,,,,,,,,,,,,,,,,,,,,,,,,,,,11/2/2020,6/26/2020,Prospect,,,,,,,501129,Active,Prospect,,mmpulling@gmail.com
30 Olde Ivy Sq,,Atlanta,Georgia,30342,,,,,,,,,awhayes12@gmail.com,,,,,Anne Hayes,30 Olde Ivy Sq,,Atlanta,Georgia,30342,,awhayes12@gmail.com,,,,,,,,1679,,8/25/2019,50,1,,Anne Hayes,695,1997,,FALSE,,,env2,8/29/2019,9/7/2019,19/20,,Olde Ivy Sq,30,,Condo-low,,1/17/2020,9/3/2021,,,,,,9/3/2020,,100406,Lapsed,Single Family - One Year - $50,2003543021,
30 Olde Ivy Sq,,Atlanta,Georgia,30342,,30 Olde Ivy Sq,,Atlanta,Georgia,30342,,Hayes,awhayes12@gmail.com,awhayes12@gmail.com,,Anne,Hayes,Anne Hayes,,,,,,,,,404-266-0274,,,,404-266-0274,,,,,,,,,,,,,,,,,,,,Olde Ivy Sq,,,B45,,1/17/2020,9/3/2021,Single Family Contact - One Year,,Yes,,,9/3/2020,2003543021,100406,Lapsed,Single Family Contact - One Year,,100406
30 Stratford Pl,,Atlanta,Georgia,30342,,30 Stratford Pl,,Atlanta,Georgia,30342,,David Werner,davidwerner@mac.com,davidwerner@mac.com,,David,Werner,,,,,,,,,,678-521-0910,,678-521-0910,,,,,,,,,,,,,,,,,,,,,,,,,,,7/28/2024,,Prospect,,,,,,,,Active,Prospect,,
30 Wieuca Trce,,Atlanta,Georgia,30342,,,,,,,,,kylarDesmarais@gmail.com,,,,,Kyla & Kevin Desmarais,30 Wieuca Trce,,Atlanta,Georgia,30342,,kylarDesmarais@gmail.com,,,,,,,,4384,,11/3/2019,50,1,,Kyla & Kevin Desmarais,3192,2011,F&,FALSE,,,No Payment Audits,11/4/2019,11/20/2019,19/20,,Wieuca Trce,30,,PD-H,,1/17/2020,11/3/2020,,,,,,,,100351,Lapsed,Single Family - One Year - $50,2003542836,
30 Wieuca Trce,,Atlanta,Georgia,30342,,30 Wieuca Trce,,Atlanta,Georgia,30342,,Desmarais,kylarDesmarais@gmail.com,kylarDesmarais@gmail.com,,Kyla & Kevin,Desmarais,Kyla & Kevin Desmarais,,,,,,,,,,,,,,,,,,,,,,,,,,,,,,,,,Wieuca Trce,,,A32,,1/17/2020,11/3/2020,Single Family Contact - One Year,,Yes,,,,2003542836,100351,Lapsed,Single Family Contact - One Year,,100351
300 VALLEY BROOK WAY NE,,Atlanta,Georgia,30342,,300 VALLEY BROOK WAY NE,,Atlanta,Georgia,30342,,,,,,,,,,,,,,,,,,,,,,,,,,,,,,,,,,,,,,,,111,,,,,,2/4/2023,,Prospect,,,,,,,,Active,Prospect,,
301 VALLEY BROOK WAY NE,,Atlanta,Georgia,30342,,301 VALLEY BROOK WAY NE,,Atlanta,Georgia,30342,,,,,,,,,,,,,,,,,,,,,,,,,,,,,,,,,,,,,,,,,,,,,,,,,,,,,,,,,,,